Date,Close,Date,Close,Date,Close
3/3/2015 16:00,133.9,3/3/2015 16:00,384.61,3/3/2015 16:00,81.58
3/4/2015 16:00,131.3,3/4/2015 16:00,382.72,3/4/2015 16:00,85.49
3/5/2015 16:00,132,3/5/2015 16:00,387.83,3/5/2015 16:00,86.1
3/6/2015 16:00,129.2,3/6/2015 16:00,380.09,3/6/2015 16:00,84.4
3/9/2015 16:00,125,3/9/2015 16:00,378.56,3/9/2015 16:00,82.53
3/10/2015 16:00,123.91,3/10/2015 16:00,369.51,3/10/2015 16:00,82.97
3/11/2015 16:00,126.51,3/11/2015 16:00,366.37,3/11/2015 16:00,81.99
3/12/2015 16:00,127.89,3/12/2015 16:00,374.24,3/12/2015 16:00,81.92
3/13/2015 16:00,125.71,3/13/2015 16:00,370.58,3/13/2015 16:00,81.86
3/16/2015 16:00,127.09,3/16/2015 16:00,373.35,3/16/2015 16:00,84
3/17/2015 16:00,127.66,3/17/2015 16:00,371.92,3/17/2015 16:00,84.5
3/18/2015 16:00,126.28,3/18/2015 16:00,375.14,3/18/2015 16:00,84.59
3/19/2015 16:00,122.91,3/19/2015 16:00,373.24,3/19/2015 16:00,85.74
3/20/2015 16:00,124.59,3/20/2015 16:00,378.49,3/20/2015 16:00,85.2
3/23/2015 16:00,125.43,3/23/2015 16:00,375.11,3/23/2015 16:00,84.25
3/24/2015 16:00,122.34,3/24/2015 16:00,374.09,3/24/2015 16:00,83.63
3/25/2015 16:00,121.11,3/25/2015 16:00,370.96,3/25/2015 16:00,83.75
3/26/2015 16:00,121.41,3/26/2015 16:00,367.35,3/26/2015 16:00,84.17
3/27/2015 16:00,122.85,3/27/2015 16:00,370.56,3/27/2015 16:00,84.58
3/30/2015 16:00,121.67,3/30/2015 16:00,374.59,3/30/2015 16:00,83.9
3/31/2015 16:00,122.52,3/31/2015 16:00,372.1,3/31/2015 16:00,83.24
4/1/2015 16:00,123.86,4/1/2015 16:00,370.26,4/1/2015 16:00,82.36
4/2/2015 16:00,125.14,4/2/2015 16:00,372.25,4/2/2015 16:00,82.28
4/6/2015 16:00,126.27,4/6/2015 16:00,377.04,4/6/2015 16:00,81.82
4/7/2015 16:00,126.97,4/7/2015 16:00,374.41,4/7/2015 16:00,82.21
4/8/2015 16:00,128.59,4/8/2015 16:00,381.2,4/8/2015 16:00,85.39
4/9/2015 16:00,129.7,4/9/2015 16:00,383.54,4/9/2015 16:00,86.14
4/10/2015 16:00,131.6,4/10/2015 16:00,382.65,4/10/2015 16:00,84.58
4/13/2015 16:00,130.71,4/13/2015 16:00,382.36,4/13/2015 16:00,84.28
4/14/2015 16:00,131.57,4/14/2015 16:00,385.11,4/14/2015 16:00,85
4/15/2015 16:00,132.2,4/15/2015 16:00,383.45,4/15/2015 16:00,84.67
4/16/2015 16:00,131.17,4/16/2015 16:00,386.04,4/16/2015 16:00,84.06
4/17/2015 16:00,130,4/17/2015 16:00,375.56,4/17/2015 16:00,81.9
4/20/2015 16:00,133.53,4/20/2015 16:00,389.51,4/20/2015 16:00,82.2
4/21/2015 16:00,136.95,4/21/2015 16:00,391.18,4/21/2015 16:00,82.42
4/22/2015 16:00,138.04,4/22/2015 16:00,389.8,4/22/2015 16:00,82.05
4/23/2015 16:00,138.97,4/23/2015 16:00,389.99,4/23/2015 16:00,82.28
4/24/2015 16:00,137.48,4/24/2015 16:00,445.1,4/24/2015 16:00,84.57
4/27/2015 16:00,136.85,4/27/2015 16:00,438.56,4/27/2015 16:00,84.9
4/28/2015 16:00,140.24,4/28/2015 16:00,429.31,4/28/2015 16:00,85.08
4/29/2015 16:00,142.98,4/29/2015 16:00,429.37,4/29/2015 16:00,82.45
4/30/2015 16:00,142.33,4/30/2015 16:00,421.78,4/30/2015 16:00,81.29
5/1/2015 16:00,145.35,5/1/2015 16:00,422.87,5/1/2015 16:00,81.17
5/4/2015 16:00,152.27,5/4/2015 16:00,423.04,5/4/2015 16:00,80.59
5/5/2015 16:00,149.19,5/5/2015 16:00,421.19,5/5/2015 16:00,79.54
5/6/2015 16:00,148.51,5/6/2015 16:00,419.1,5/6/2015 16:00,80
5/7/2015 16:00,145.1,5/7/2015 16:00,426.88,5/7/2015 16:00,86
5/8/2015 16:00,146.63,5/8/2015 16:00,433.69,5/8/2015 16:00,87.06
5/11/2015 16:00,146.18,5/11/2015 16:00,432.85,5/11/2015 16:00,86.72
5/12/2015 16:00,145.67,5/12/2015 16:00,431.02,5/12/2015 16:00,86.77
5/13/2015 16:00,144.66,5/13/2015 16:00,426.87,5/13/2015 16:00,87.53
5/14/2015 16:00,146.79,5/14/2015 16:00,432.28,5/14/2015 16:00,88.4
5/15/2015 16:00,146.46,5/15/2015 16:00,426,5/15/2015 16:00,88.46
5/18/2015 16:00,147.82,5/18/2015 16:00,425.24,5/18/2015 16:00,87.11
5/19/2015 16:00,145.58,5/19/2015 16:00,421.71,5/19/2015 16:00,88.21
5/20/2015 16:00,147.1,5/20/2015 16:00,423.86,5/20/2015 16:00,90.7
5/21/2015 16:00,149.01,5/21/2015 16:00,431.63,5/21/2015 16:00,93.88
5/22/2015 16:00,147.48,5/22/2015 16:00,427.63,5/22/2015 16:00,93.27
5/26/2015 16:00,145.74,5/26/2015 16:00,425.47,5/26/2015 16:00,92.52
5/27/2015 16:00,146.43,5/27/2015 16:00,431.42,5/27/2015 16:00,92.6
5/28/2015 16:00,146.5,5/28/2015 16:00,426.57,5/28/2015 16:00,90.95
5/29/2015 16:00,145.13,5/29/2015 16:00,429.23,5/29/2015 16:00,89.32
6/1/2015 16:00,143.68,6/1/2015 16:00,430.92,6/1/2015 16:00,90.78
6/2/2015 16:00,143.01,6/2/2015 16:00,430.99,6/2/2015 16:00,90.51
6/3/2015 16:00,143.47,6/3/2015 16:00,436.59,6/3/2015 16:00,90.79
6/4/2015 16:00,143.29,6/4/2015 16:00,430.78,6/4/2015 16:00,90.59
6/5/2015 16:00,144.94,6/5/2015 16:00,426.95,6/5/2015 16:00,90.71
6/8/2015 16:00,142.68,6/8/2015 16:00,423.5,6/8/2015 16:00,88.29
6/9/2015 16:00,143.26,6/9/2015 16:00,425.48,6/9/2015 16:00,87.58
6/10/2015 16:00,145.45,6/10/2015 16:00,430.77,6/10/2015 16:00,88.9
6/11/2015 16:00,141.43,6/11/2015 16:00,432.97,6/11/2015 16:00,87.21
6/12/2015 16:00,143.66,6/12/2015 16:00,429.92,6/12/2015 16:00,86.63
6/15/2015 16:00,141.97,6/15/2015 16:00,423.67,6/15/2015 16:00,86.12
6/16/2015 16:00,143.51,6/16/2015 16:00,427.26,6/16/2015 16:00,86.09
6/17/2015 16:00,143.32,6/17/2015 16:00,427.81,6/17/2015 16:00,86.8
6/18/2015 16:00,145.46,6/18/2015 16:00,439.39,6/18/2015 16:00,86.75
6/19/2015 16:00,147.16,6/19/2015 16:00,434.92,6/19/2015 16:00,85.74
6/22/2015 16:00,146.72,6/22/2015 16:00,436.29,6/22/2015 16:00,85.68
6/23/2015 16:00,150.99,6/23/2015 16:00,445.99,6/23/2015 16:00,85.08
6/24/2015 16:00,149.14,6/24/2015 16:00,440.84,6/24/2015 16:00,85.17
6/25/2015 16:00,149.64,6/25/2015 16:00,440.1,6/25/2015 16:00,85.24
6/26/2015 16:00,147.73,6/26/2015 16:00,438.1,6/26/2015 16:00,83.28
6/29/2015 16:00,141.13,6/29/2015 16:00,429.86,6/29/2015 16:00,81.07
6/30/2015 16:00,141.7,6/30/2015 16:00,434.09,6/30/2015 16:00,82.27
7/1/2015 16:00,141.46,7/1/2015 16:00,437.39,7/1/2015 16:00,82.46
7/2/2015 16:00,138.71,7/2/2015 16:00,437.71,7/2/2015 16:00,82.07
7/6/2015 16:00,135.99,7/6/2015 16:00,436.04,7/6/2015 16:00,80.23
7/7/2015 16:00,135.29,7/7/2015 16:00,436.72,7/7/2015 16:00,79.62
7/8/2015 16:00,129.9,7/8/2015 16:00,429.7,7/8/2015 16:00,77.94
7/9/2015 16:00,133.31,7/9/2015 16:00,434.39,7/9/2015 16:00,79.04
7/10/2015 16:00,135.63,7/10/2015 16:00,443.51,7/10/2015 16:00,80.3
7/13/2015 16:00,135.64,7/13/2015 16:00,455.57,7/13/2015 16:00,81.86
7/14/2015 16:00,134.9,7/14/2015 16:00,465.57,7/14/2015 16:00,81.5
7/15/2015 16:00,135.6,7/15/2015 16:00,461.19,7/15/2015 16:00,80.73
7/16/2015 16:00,136.01,7/16/2015 16:00,475.48,7/16/2015 16:00,81.53
7/17/2015 16:00,137.12,7/17/2015 16:00,483.01,7/17/2015 16:00,83.36
7/20/2015 16:00,136.79,7/20/2015 16:00,488.1,7/20/2015 16:00,82.67
7/21/2015 16:00,134.63,7/21/2015 16:00,488,7/21/2015 16:00,82.54
7/22/2015 16:00,134.83,7/22/2015 16:00,488.27,7/22/2015 16:00,84.15
7/23/2015 16:00,133.12,7/23/2015 16:00,482.18,7/23/2015 16:00,83.88
7/24/2015 16:00,131.39,7/24/2015 16:00,529.42,7/24/2015 16:00,83.02
7/27/2015 16:00,128.89,7/27/2015 16:00,531.41,7/27/2015 16:00,81.4
7/28/2015 16:00,128.64,7/28/2015 16:00,526.03,7/28/2015 16:00,80.56
7/29/2015 16:00,134,7/29/2015 16:00,529,7/29/2015 16:00,80.26
7/30/2015 16:00,130.68,7/30/2015 16:00,536.76,7/30/2015 16:00,79.96
7/31/2015 16:00,130.69,7/31/2015 16:00,536.15,7/31/2015 16:00,78.34
8/3/2015 16:00,128.4,8/3/2015 16:00,535.03,8/3/2015 16:00,77.99
8/4/2015 16:00,129.17,8/4/2015 16:00,531.9,8/4/2015 16:00,78.87
8/5/2015 16:00,131.92,8/5/2015 16:00,537.01,8/5/2015 16:00,79.82
8/6/2015 16:00,121,8/6/2015 16:00,529.46,8/6/2015 16:00,78.96
8/7/2015 16:00,121.14,8/7/2015 16:00,522.62,8/7/2015 16:00,78.82
8/10/2015 16:00,123.66,8/10/2015 16:00,524,8/10/2015 16:00,80.47
8/11/2015 16:00,123.2,8/11/2015 16:00,527.46,8/11/2015 16:00,77.34
8/12/2015 16:00,121.27,8/12/2015 16:00,525.91,8/12/2015 16:00,73.38
8/13/2015 16:00,120.24,8/13/2015 16:00,529.66,8/13/2015 16:00,75.11
8/14/2015 16:00,119.75,8/14/2015 16:00,531.52,8/14/2015 16:00,74.76
8/17/2015 16:00,121.12,8/17/2015 16:00,535.22,8/17/2015 16:00,75.19
8/18/2015 16:00,117.93,8/18/2015 16:00,535.02,8/18/2015 16:00,73.88
8/19/2015 16:00,113.89,8/19/2015 16:00,532.92,8/19/2015 16:00,73.12
8/20/2015 16:00,107.88,8/20/2015 16:00,515.78,8/20/2015 16:00,70.32
8/21/2015 16:00,106.54,8/21/2015 16:00,494.47,8/21/2015 16:00,68.18
8/24/2015 16:00,103.49,8/24/2015 16:00,463.37,8/24/2015 16:00,65.8
8/25/2015 16:00,102.16,8/25/2015 16:00,466.37,8/25/2015 16:00,68.57
8/26/2015 16:00,104.76,8/26/2015 16:00,500.77,8/26/2015 16:00,68.66
8/27/2015 16:00,111.97,8/27/2015 16:00,518.37,8/27/2015 16:00,70.84
8/28/2015 16:00,113.19,8/28/2015 16:00,518.01,8/28/2015 16:00,70.07
8/31/2015 16:00,110.05,8/31/2015 16:00,512.89,8/31/2015 16:00,66.12
9/1/2015 16:00,108.63,9/1/2015 16:00,496.54,9/1/2015 16:00,64.83
9/2/2015 16:00,109.94,9/2/2015 16:00,510.55,9/2/2015 16:00,65.54
9/3/2015 16:00,112.23,9/3/2015 16:00,504.72,9/3/2015 16:00,66.47
9/4/2015 16:00,108.18,9/4/2015 16:00,499,9/4/2015 16:00,63.91
9/8/2015 16:00,109.55,9/8/2015 16:00,517.54,9/8/2015 16:00,60.91
9/9/2015 16:00,108.06,9/9/2015 16:00,516.89,9/9/2015 16:00,64.04
9/10/2015 16:00,107,9/10/2015 16:00,522.24,9/10/2015 16:00,63.83
9/11/2015 16:00,105.25,9/11/2015 16:00,529.44,9/11/2015 16:00,64.63
9/14/2015 16:00,106.1,9/14/2015 16:00,521.38,9/14/2015 16:00,62.6
9/15/2015 16:00,108.2,9/15/2015 16:00,522.37,9/15/2015 16:00,64.85
9/16/2015 16:00,109.28,9/16/2015 16:00,527.39,9/16/2015 16:00,67.23
9/17/2015 16:00,104.91,9/17/2015 16:00,538.87,9/17/2015 16:00,66
9/18/2015 16:00,99.64,9/18/2015 16:00,540.26,9/18/2015 16:00,65.75
9/21/2015 16:00,98.68,9/21/2015 16:00,548.39,9/21/2015 16:00,63.9
9/22/2015 16:00,95.5,9/22/2015 16:00,538.4,9/22/2015 16:00,61.9
9/23/2015 16:00,92.59,9/23/2015 16:00,536.07,9/23/2015 16:00,60
9/24/2015 16:00,92.52,9/24/2015 16:00,533.75,9/24/2015 16:00,59.92
9/25/2015 16:00,91.9,9/25/2015 16:00,524.25,9/25/2015 16:00,59.24
9/28/2015 16:00,90.05,9/28/2015 16:00,504.06,9/28/2015 16:00,57.39
9/29/2015 16:00,86.7,9/29/2015 16:00,496.07,9/29/2015 16:00,57.82
9/30/2015 16:00,91.06,9/30/2015 16:00,511.89,9/30/2015 16:00,58.97
10/1/2015 16:00,90.68,10/1/2015 16:00,520.72,10/1/2015 16:00,58.87
10/2/2015 16:00,95.5,10/2/2015 16:00,532.54,10/2/2015 16:00,63.2
10/5/2015 16:00,96.71,10/5/2015 16:00,543.68,10/5/2015 16:00,63.93
10/6/2015 16:00,94.98,10/6/2015 16:00,537.48,10/6/2015 16:00,63.92
10/7/2015 16:00,94.7,10/7/2015 16:00,541.94,10/7/2015 16:00,66.28
10/8/2015 16:00,94.35,10/8/2015 16:00,533.16,10/8/2015 16:00,67.7
10/9/2015 16:00,94.03,10/9/2015 16:00,539.8,10/9/2015 16:00,68.71
10/12/2015 16:00,92.55,10/12/2015 16:00,550.19,10/12/2015 16:00,70.3
10/13/2015 16:00,93.39,10/13/2015 16:00,548.9,10/13/2015 16:00,69.68
10/14/2015 16:00,90.88,10/14/2015 16:00,544.83,10/14/2015 16:00,68.54
10/15/2015 16:00,93.66,10/15/2015 16:00,562.44,10/15/2015 16:00,71.78
10/16/2015 16:00,95.72,10/16/2015 16:00,570.76,10/16/2015 16:00,71.99
10/19/2015 16:00,96.49,10/19/2015 16:00,573.15,10/19/2015 16:00,72.65
10/20/2015 16:00,96.61,10/20/2015 16:00,560.88,10/20/2015 16:00,71.79
10/21/2015 16:00,95.34,10/21/2015 16:00,555.77,10/21/2015 16:00,69.48
10/22/2015 16:00,97.48,10/22/2015 16:00,563.91,10/22/2015 16:00,70.99
10/23/2015 16:00,99.05,10/23/2015 16:00,599.03,10/23/2015 16:00,75.62
10/26/2015 16:00,99.6,10/26/2015 16:00,608.61,10/26/2015 16:00,76.35
10/27/2015 16:00,97.34,10/27/2015 16:00,611.01,10/27/2015 16:00,79.44
10/28/2015 16:00,97.15,10/28/2015 16:00,617.1,10/28/2015 16:00,82.35
10/29/2015 16:00,95.24,10/29/2015 16:00,626.55,10/29/2015 16:00,82.22
10/30/2015 16:00,98.37,10/30/2015 16:00,625.9,10/30/2015 16:00,83.83
11/2/2015 16:00,101.97,11/2/2015 16:00,628.35,11/2/2015 16:00,84.35
11/3/2015 16:00,104.23,11/3/2015 16:00,625.31,11/3/2015 16:00,83.44
11/4/2015 16:00,107,11/4/2015 16:00,640.95,11/4/2015 16:00,85.4
11/5/2015 16:00,116.43,11/5/2015 16:00,655.65,11/5/2015 16:00,85.38
11/6/2015 16:00,118.69,11/6/2015 16:00,659.37,11/6/2015 16:00,83.61
11/9/2015 16:00,118.11,11/9/2015 16:00,655.49,11/9/2015 16:00,81.38
11/10/2015 16:00,119.65,11/10/2015 16:00,659.68,11/10/2015 16:00,81.43
11/11/2015 16:00,119.81,11/11/2015 16:00,673.25,11/11/2015 16:00,79.85
11/12/2015 16:00,120.53,11/12/2015 16:00,665.6,11/12/2015 16:00,78.76
11/13/2015 16:00,118.1,11/13/2015 16:00,642.35,11/13/2015 16:00,75.85
11/16/2015 16:00,119.49,11/16/2015 16:00,647.81,11/16/2015 16:00,78.3
11/17/2015 16:00,120.25,11/17/2015 16:00,643.3,11/17/2015 16:00,78.13
11/18/2015 16:00,121,11/18/2015 16:00,663.54,11/18/2015 16:00,77.69
11/19/2015 16:00,120.53,11/19/2015 16:00,661.27,11/19/2015 16:00,77.87
11/20/2015 16:00,121.35,11/20/2015 16:00,668.45,11/20/2015 16:00,79.95
11/23/2015 16:00,125.36,11/23/2015 16:00,678.99,11/23/2015 16:00,81.31
11/24/2015 16:00,124.39,11/24/2015 16:00,671.15,11/24/2015 16:00,80.86
11/25/2015 16:00,126.19,11/25/2015 16:00,675.34,11/25/2015 16:00,81.71
11/27/2015 16:00,125.14,11/27/2015 16:00,673.26,11/27/2015 16:00,81.38
11/30/2015 16:00,123.24,11/30/2015 16:00,664.8,11/30/2015 16:00,84.08
12/1/2015 16:00,125.56,12/1/2015 16:00,679.06,12/1/2015 16:00,84
12/2/2015 16:00,124.52,12/2/2015 16:00,676.01,12/2/2015 16:00,85
12/3/2015 16:00,120.65,12/3/2015 16:00,666.25,12/3/2015 16:00,82.59
12/4/2015 16:00,121.78,12/4/2015 16:00,672.64,12/4/2015 16:00,84.85
12/7/2015 16:00,119.8,12/7/2015 16:00,669.83,12/7/2015 16:00,84.76
12/8/2015 16:00,119.52,12/8/2015 16:00,677.33,12/8/2015 16:00,84.38
12/9/2015 16:00,116.75,12/9/2015 16:00,664.79,12/9/2015 16:00,83.42
12/10/2015 16:00,118.22,12/10/2015 16:00,662.32,12/10/2015 16:00,84.33
12/11/2015 16:00,114.11,12/11/2015 16:00,640.15,12/11/2015 16:00,79.74
12/14/2015 16:00,115.73,12/14/2015 16:00,657.91,12/14/2015 16:00,80.57
12/15/2015 16:00,118.44,12/15/2015 16:00,658.64,12/15/2015 16:00,82.49
12/16/2015 16:00,116.6,12/16/2015 16:00,675.77,12/16/2015 16:00,84.63
12/17/2015 16:00,114.26,12/17/2015 16:00,670.65,12/17/2015 16:00,83.56
12/18/2015 16:00,111.56,12/18/2015 16:00,664.14,12/18/2015 16:00,82.65
12/21/2015 16:00,112.73,12/21/2015 16:00,664.51,12/21/2015 16:00,82.87
12/22/2015 16:00,111.77,12/22/2015 16:00,663.15,12/22/2015 16:00,84.84
12/23/2015 16:00,113.77,12/23/2015 16:00,663.7,12/23/2015 16:00,84.8
12/24/2015 16:00,114.09,12/24/2015 16:00,662.79,12/24/2015 16:00,83.71
12/28/2015 16:00,113.99,12/28/2015 16:00,675.2,12/28/2015 16:00,82.14
12/29/2015 16:00,115.12,12/29/2015 16:00,693.97,12/29/2015 16:00,83.26
12/30/2015 16:00,114.36,12/30/2015 16:00,689.07,12/30/2015 16:00,81.68
12/31/2015 16:00,114.34,12/31/2015 16:00,675.89,12/31/2015 16:00,81.27
1/4/2016 16:00,109.95,1/4/2016 16:00,636.99,1/4/2016 16:00,76.69
1/5/2016 16:00,109.68,1/5/2016 16:00,633.79,1/5/2016 16:00,78.63
1/6/2016 16:00,107.33,1/6/2016 16:00,632.65,1/6/2016 16:00,77.33
1/7/2016 16:00,102.93,1/7/2016 16:00,607.94,1/7/2016 16:00,72.72
1/8/2016 16:00,101.09,1/8/2016 16:00,607.05,1/8/2016 16:00,70.8
1/11/2016 16:00,98.76,1/11/2016 16:00,617.74,1/11/2016 16:00,69.92
1/12/2016 16:00,104.85,1/12/2016 16:00,617.89,1/12/2016 16:00,72.68
1/13/2016 16:00,100.55,1/13/2016 16:00,581.81,1/13/2016 16:00,70.29
1/14/2016 16:00,104.88,1/14/2016 16:00,593,1/14/2016 16:00,72.25
1/15/2016 16:00,96.4,1/15/2016 16:00,570.18,1/15/2016 16:00,69.59
1/19/2016 16:00,96.49,1/19/2016 16:00,574.48,1/19/2016 16:00,70.13
1/20/2016 16:00,96.23,1/20/2016 16:00,571.77,1/20/2016 16:00,68.71
1/21/2016 16:00,97.5,1/21/2016 16:00,575.02,1/21/2016 16:00,70.72
1/22/2016 16:00,101.15,1/22/2016 16:00,596.38,1/22/2016 16:00,70.37
1/25/2016 16:00,100.37,1/25/2016 16:00,596.53,1/25/2016 16:00,69.72
1/26/2016 16:00,99,1/26/2016 16:00,601.25,1/26/2016 16:00,69.77
1/27/2016 16:00,97.23,1/27/2016 16:00,583.35,1/27/2016 16:00,69.54
1/28/2016 16:00,96.86,1/28/2016 16:00,635.35,1/28/2016 16:00,66.92
1/29/2016 16:00,98.24,1/29/2016 16:00,587,1/29/2016 16:00,67.03
2/1/2016 16:00,99,2/1/2016 16:00,574.81,2/1/2016 16:00,67.03
2/2/2016 16:00,96.12,2/2/2016 16:00,552.1,2/2/2016 16:00,65.09
2/3/2016 16:00,95.37,2/3/2016 16:00,531.07,2/3/2016 16:00,63.44
2/4/2016 16:00,96.64,2/4/2016 16:00,536.26,2/4/2016 16:00,64.86
2/5/2016 16:00,90.25,2/5/2016 16:00,502.13,2/5/2016 16:00,62.64
2/8/2016 16:00,85.87,2/8/2016 16:00,488.1,2/8/2016 16:00,61.1
2/9/2016 16:00,85.82,2/9/2016 16:00,482.07,2/9/2016 16:00,61.39
2/10/2016 16:00,87.71,2/10/2016 16:00,490.48,2/10/2016 16:00,61.78
2/11/2016 16:00,89.04,2/11/2016 16:00,503.82,2/11/2016 16:00,60.57
2/12/2016 16:00,91.95,2/12/2016 16:00,507.08,2/12/2016 16:00,60.89
2/16/2016 16:00,95.76,2/16/2016 16:00,521.1,2/16/2016 16:00,66.29
2/17/2016 16:00,98.24,2/17/2016 16:00,534.1,2/17/2016 16:00,66.38
2/18/2016 16:00,98.8,2/18/2016 16:00,525,2/18/2016 16:00,66.52
2/19/2016 16:00,100.48,2/19/2016 16:00,534.9,2/19/2016 16:00,67.28
2/22/2016 16:00,99.98,2/22/2016 16:00,559.5,2/22/2016 16:00,68.84
2/23/2016 16:00,98.38,2/23/2016 16:00,552.94,2/23/2016 16:00,66.97
2/24/2016 16:00,103.1,2/24/2016 16:00,554.04,2/24/2016 16:00,67.23
2/25/2016 16:00,102.56,2/25/2016 16:00,555.15,2/25/2016 16:00,66.66
2/26/2016 16:00,97.56,2/26/2016 16:00,555.23,2/26/2016 16:00,66.91
2/29/2016 16:00,101.76,2/29/2016 16:00,552.52,2/29/2016 16:00,68.81
3/1/2016 16:00,104.95,3/1/2016 16:00,579.04,3/1/2016 16:00,70.86
3/2/2016 16:00,105.91,3/2/2016 16:00,580.21,3/2/2016 16:00,71.25
3/3/2016 16:00,106.53,3/3/2016 16:00,577.49,3/3/2016 16:00,71.02
3/4/2016 16:00,108.88,3/4/2016 16:00,575.14,3/4/2016 16:00,72.22
3/7/2016 16:00,110.42,3/7/2016 16:00,562.8,3/7/2016 16:00,72.89
3/8/2016 16:00,109.01,3/8/2016 16:00,560.26,3/8/2016 16:00,71.07
3/9/2016 16:00,111.2,3/9/2016 16:00,559.47,3/9/2016 16:00,72.43
3/10/2016 16:00,113.52,3/10/2016 16:00,558.93,3/10/2016 16:00,71.97
3/11/2016 16:00,115.65,3/11/2016 16:00,569.61,3/11/2016 16:00,74.01
3/14/2016 16:00,114.94,3/14/2016 16:00,573.37,3/14/2016 16:00,73.35
3/15/2016 16:00,113.19,3/15/2016 16:00,577.02,3/15/2016 16:00,72.23
3/16/2016 16:00,113.71,3/16/2016 16:00,574.27,3/16/2016 16:00,73.5
3/17/2016 16:00,114.92,3/17/2016 16:00,559.44,3/17/2016 16:00,74.25
3/18/2016 16:00,114.7,3/18/2016 16:00,552.08,3/18/2016 16:00,76.25
3/21/2016 16:00,114.67,3/21/2016 16:00,553.98,3/21/2016 16:00,78.11
3/22/2016 16:00,115.48,3/22/2016 16:00,560.48,3/22/2016 16:00,78.18
3/23/2016 16:00,112.41,3/23/2016 16:00,569.63,3/23/2016 16:00,76.56
3/24/2016 16:00,112.89,3/24/2016 16:00,582.95,3/24/2016 16:00,75.86
3/28/2016 16:00,115.22,3/28/2016 16:00,579.87,3/28/2016 16:00,76.48
3/29/2016 16:00,118.28,3/29/2016 16:00,593.86,3/29/2016 16:00,78.08
3/30/2016 16:00,117.68,3/30/2016 16:00,598.69,3/30/2016 16:00,78.86
3/31/2016 16:00,117.85,3/31/2016 16:00,593.64,3/31/2016 16:00,79.03
4/1/2016 16:00,120.62,4/1/2016 16:00,598.5,4/1/2016 16:00,78.73
4/4/2016 16:00,118.61,4/4/2016 16:00,593.19,4/4/2016 16:00,79.08
4/5/2016 16:00,117.13,4/5/2016 16:00,586.14,4/5/2016 16:00,77.32
4/6/2016 16:00,119.46,4/6/2016 16:00,602.08,4/6/2016 16:00,78.68
4/7/2016 16:00,118.1,4/7/2016 16:00,591.43,4/7/2016 16:00,77.61
4/8/2016 16:00,117.85,4/8/2016 16:00,594.6,4/8/2016 16:00,77.47
4/11/2016 16:00,117.71,4/11/2016 16:00,595.93,4/11/2016 16:00,77.71
4/12/2016 16:00,119.97,4/12/2016 16:00,603.17,4/12/2016 16:00,77.86
4/13/2016 16:00,125.35,4/13/2016 16:00,614.82,4/13/2016 16:00,79.64
4/14/2016 16:00,126.56,4/14/2016 16:00,620.75,4/14/2016 16:00,79.61
4/15/2016 16:00,127.34,4/15/2016 16:00,625.89,4/15/2016 16:00,78.97
4/18/2016 16:00,130.1,4/18/2016 16:00,635.35,4/18/2016 16:00,79.01
4/19/2016 16:00,127.57,4/19/2016 16:00,627.9,4/19/2016 16:00,79.46
4/20/2016 16:00,129.44,4/20/2016 16:00,632.99,4/20/2016 16:00,81.21
4/21/2016 16:00,126.51,4/21/2016 16:00,631,4/21/2016 16:00,80.78
4/22/2016 16:00,126.41,4/22/2016 16:00,620.5,4/22/2016 16:00,79.89
4/25/2016 16:00,124.6,4/25/2016 16:00,626.2,4/25/2016 16:00,78.84
4/26/2016 16:00,125.85,4/26/2016 16:00,616.88,4/26/2016 16:00,78.61
4/27/2016 16:00,125.9,4/27/2016 16:00,606.57,4/27/2016 16:00,77.65
4/28/2016 16:00,123.86,4/28/2016 16:00,602,4/28/2016 16:00,76.4
4/29/2016 16:00,124.89,4/29/2016 16:00,659.59,4/29/2016 16:00,76.94
5/2/2016 16:00,126.45,5/2/2016 16:00,683.85,5/2/2016 16:00,76.61
5/3/2016 16:00,125.34,5/3/2016 16:00,671.32,5/3/2016 16:00,75.91
5/4/2016 16:00,124.36,5/4/2016 16:00,670.9,5/4/2016 16:00,75.82
5/5/2016 16:00,124.88,5/5/2016 16:00,659.09,5/5/2016 16:00,78.83
5/6/2016 16:00,128.03,5/6/2016 16:00,673.95,5/6/2016 16:00,79.2
5/9/2016 16:00,127.25,5/9/2016 16:00,679.75,5/9/2016 16:00,79.41
5/10/2016 16:00,128.89,5/10/2016 16:00,703.07,5/10/2016 16:00,79.72
5/11/2016 16:00,129.7,5/11/2016 16:00,713.23,5/11/2016 16:00,79.8
5/12/2016 16:00,127.96,5/12/2016 16:00,717.93,5/12/2016 16:00,79.16
5/13/2016 16:00,127.53,5/13/2016 16:00,709.92,5/13/2016 16:00,77.16
5/16/2016 16:00,128.7,5/16/2016 16:00,710.66,5/16/2016 16:00,79.29
5/17/2016 16:00,130.78,5/17/2016 16:00,695.27,5/17/2016 16:00,79.35
5/18/2016 16:00,132.5,5/18/2016 16:00,697.45,5/18/2016 16:00,79.03
5/19/2016 16:00,131.79,5/19/2016 16:00,698.52,5/19/2016 16:00,78.32
5/20/2016 16:00,133.89,5/20/2016 16:00,702.8,5/20/2016 16:00,78.79
5/23/2016 16:00,132.02,5/23/2016 16:00,696.75,5/23/2016 16:00,79
5/24/2016 16:00,134.6,5/24/2016 16:00,704.2,5/24/2016 16:00,81.12
5/25/2016 16:00,134.02,5/25/2016 16:00,708.35,5/25/2016 16:00,75.59
5/26/2016 16:00,135.01,5/26/2016 16:00,714.91,5/26/2016 16:00,78.35
5/27/2016 16:00,135.08,5/27/2016 16:00,712.24,5/27/2016 16:00,80.97
5/31/2016 16:00,136.5,5/31/2016 16:00,722.79,5/31/2016 16:00,82
6/1/2016 16:00,136.34,6/1/2016 16:00,719.44,6/1/2016 16:00,76.69
6/2/2016 16:00,137,6/2/2016 16:00,728.24,6/2/2016 16:00,77.3
6/3/2016 16:00,135.75,6/3/2016 16:00,725.54,6/3/2016 16:00,76.62
6/6/2016 16:00,138.27,6/6/2016 16:00,726.73,6/6/2016 16:00,78.06
6/7/2016 16:00,138.63,6/7/2016 16:00,723.74,6/7/2016 16:00,77.84
6/8/2016 16:00,137,6/8/2016 16:00,726.64,6/8/2016 16:00,77.64
6/9/2016 16:00,137.46,6/9/2016 16:00,727.65,6/9/2016 16:00,77.56
6/10/2016 16:00,134.29,6/10/2016 16:00,717.91,6/10/2016 16:00,75.92
6/13/2016 16:00,133.37,6/13/2016 16:00,715.24,6/13/2016 16:00,75.45
6/14/2016 16:00,134.44,6/14/2016 16:00,719.3,6/14/2016 16:00,77.77
6/15/2016 16:00,133.79,6/15/2016 16:00,714.26,6/15/2016 16:00,78.39
6/16/2016 16:00,135.47,6/16/2016 16:00,717.51,6/16/2016 16:00,78.27
6/17/2016 16:00,133.75,6/17/2016 16:00,706.39,6/17/2016 16:00,77
6/20/2016 16:00,135.09,6/20/2016 16:00,714.01,6/20/2016 16:00,78.15
6/21/2016 16:00,135.83,6/21/2016 16:00,715.82,6/21/2016 16:00,78.62
6/22/2016 16:00,136.47,6/22/2016 16:00,710.6,6/22/2016 16:00,78.73
6/23/2016 16:00,139.06,6/23/2016 16:00,722.08,6/23/2016 16:00,79.14
6/24/2016 16:00,132.03,6/24/2016 16:00,698.96,6/24/2016 16:00,76.29
6/27/2016 16:00,126.88,6/27/2016 16:00,691.36,6/27/2016 16:00,74.23
6/28/2016 16:00,132.67,6/28/2016 16:00,707.95,6/28/2016 16:00,76.28
6/29/2016 16:00,138.96,6/29/2016 16:00,715.6,6/29/2016 16:00,78.04
6/30/2016 16:00,140.67,6/30/2016 16:00,715.62,6/30/2016 16:00,79.53
7/1/2016 16:00,139.81,7/1/2016 16:00,725.68,7/1/2016 16:00,79.65
7/5/2016 16:00,139.82,7/5/2016 16:00,728.1,7/5/2016 16:00,78.97
7/6/2016 16:00,139.68,7/6/2016 16:00,737.61,7/6/2016 16:00,78.64
7/7/2016 16:00,142.92,7/7/2016 16:00,736.57,7/7/2016 16:00,79.35
7/8/2016 16:00,146.22,7/8/2016 16:00,745.81,7/8/2016 16:00,78.99
7/11/2016 16:00,149.05,7/11/2016 16:00,753.78,7/11/2016 16:00,81.46
7/12/2016 16:00,151.1,7/12/2016 16:00,748.21,7/12/2016 16:00,81.74
7/13/2016 16:00,149.27,7/13/2016 16:00,742.63,7/13/2016 16:00,80.57
7/14/2016 16:00,149.22,7/14/2016 16:00,741.2,7/14/2016 16:00,81.74
7/15/2016 16:00,148.47,7/15/2016 16:00,735.44,7/15/2016 16:00,81.25
7/18/2016 16:00,148.8,7/18/2016 16:00,736.07,7/18/2016 16:00,82.65
7/19/2016 16:00,148.72,7/19/2016 16:00,739.95,7/19/2016 16:00,82.77
7/20/2016 16:00,152.37,7/20/2016 16:00,745.72,7/20/2016 16:00,84.42
7/21/2016 16:00,153.41,7/21/2016 16:00,744.43,7/21/2016 16:00,84.18
7/22/2016 16:00,154.24,7/22/2016 16:00,744.86,7/22/2016 16:00,84.49
7/25/2016 16:00,151.54,7/25/2016 16:00,739.61,7/25/2016 16:00,83.19
7/26/2016 16:00,151.41,7/26/2016 16:00,735.59,7/26/2016 16:00,83.59
7/27/2016 16:00,151.4,7/27/2016 16:00,736.67,7/27/2016 16:00,83.1
7/28/2016 16:00,151.99,7/28/2016 16:00,752.61,7/28/2016 16:00,83.12
7/29/2016 16:00,153.08,7/29/2016 16:00,758.81,7/29/2016 16:00,82.48
8/1/2016 16:00,152.95,8/1/2016 16:00,767.74,8/1/2016 16:00,84.34
8/2/2016 16:00,151.5,8/2/2016 16:00,760.58,8/2/2016 16:00,83.8
8/3/2016 16:00,151.28,8/3/2016 16:00,754.64,8/3/2016 16:00,83.67
8/4/2016 16:00,152.25,8/4/2016 16:00,760.77,8/4/2016 16:00,84.75
8/5/2016 16:00,172.98,8/5/2016 16:00,765.98,8/5/2016 16:00,84.59
8/8/2016 16:00,173.72,8/8/2016 16:00,766.56,8/8/2016 16:00,85
8/9/2016 16:00,170.21,8/9/2016 16:00,768.31,8/9/2016 16:00,85.24
8/10/2016 16:00,169.64,8/10/2016 16:00,768.56,8/10/2016 16:00,87.33
8/11/2016 16:00,169.93,8/11/2016 16:00,771.24,8/11/2016 16:00,91.77
8/12/2016 16:00,168.86,8/12/2016 16:00,772.56,8/12/2016 16:00,98.25
8/15/2016 16:00,170.13,8/15/2016 16:00,768.49,8/15/2016 16:00,97.17
8/16/2016 16:00,168.33,8/16/2016 16:00,764.04,8/16/2016 16:00,96.66
8/17/2016 16:00,166.97,8/17/2016 16:00,764.63,8/17/2016 16:00,97
8/18/2016 16:00,167.14,8/18/2016 16:00,764.46,8/18/2016 16:00,97
8/19/2016 16:00,167.69,8/19/2016 16:00,757.31,8/19/2016 16:00,96.86
8/22/2016 16:00,166.87,8/22/2016 16:00,759.48,8/22/2016 16:00,95.65
8/23/2016 16:00,166.74,8/23/2016 16:00,762.45,8/23/2016 16:00,95.79
8/24/2016 16:00,166.03,8/24/2016 16:00,757.25,8/24/2016 16:00,93.88
8/25/2016 16:00,166.63,8/25/2016 16:00,759.22,8/25/2016 16:00,93.94
8/26/2016 16:00,166.95,8/26/2016 16:00,769,8/26/2016 16:00,95.06
8/29/2016 16:00,166.57,8/29/2016 16:00,771.29,8/29/2016 16:00,94.88
8/30/2016 16:00,166.9,8/30/2016 16:00,767.58,8/30/2016 16:00,96
8/31/2016 16:00,172,8/31/2016 16:00,769.16,8/31/2016 16:00,97.19
9/1/2016 16:00,173.68,9/1/2016 16:00,770.62,9/1/2016 16:00,97.42
9/2/2016 16:00,186.16,9/2/2016 16:00,772.44,9/2/2016 16:00,99.25
9/6/2016 16:00,186.29,9/6/2016 16:00,788.87,9/6/2016 16:00,103.78
9/7/2016 16:00,182,9/7/2016 16:00,784.48,9/7/2016 16:00,102.32
9/8/2016 16:00,183.19,9/8/2016 16:00,784.06,9/8/2016 16:00,102.57
9/9/2016 16:00,179.23,9/9/2016 16:00,760.14,9/9/2016 16:00,99.62
9/12/2016 16:00,179.54,9/12/2016 16:00,771.49,9/12/2016 16:00,100.8
9/13/2016 16:00,176.94,9/13/2016 16:00,761.01,9/13/2016 16:00,100.28
9/14/2016 16:00,172,9/14/2016 16:00,761.09,9/14/2016 16:00,102.4
9/15/2016 16:00,174.61,9/15/2016 16:00,769.69,9/15/2016 16:00,104.45
9/16/2016 16:00,177.2,9/16/2016 16:00,778.52,9/16/2016 16:00,104.64
9/19/2016 16:00,178.91,9/19/2016 16:00,775.1,9/19/2016 16:00,103.03
9/20/2016 16:00,179.25,9/20/2016 16:00,780.22,9/20/2016 16:00,101.45
9/21/2016 16:00,186.75,9/21/2016 16:00,789.74,9/21/2016 16:00,106
9/22/2016 16:00,191.25,9/22/2016 16:00,804.7,9/22/2016 16:00,109.36
9/23/2016 16:00,187.09,9/23/2016 16:00,805.75,9/23/2016 16:00,107.71
9/26/2016 16:00,186.85,9/26/2016 16:00,799.16,9/26/2016 16:00,105.89
9/27/2016 16:00,187.5,9/27/2016 16:00,816.11,9/27/2016 16:00,108.26
9/28/2016 16:00,187.48,9/28/2016 16:00,828.72,9/28/2016 16:00,108.75
9/29/2016 16:00,183.74,9/29/2016 16:00,829.05,9/29/2016 16:00,105.55
9/30/2016 16:00,184.97,9/30/2016 16:00,837.31,9/30/2016 16:00,105.79
10/3/2016 16:00,186.2,10/3/2016 16:00,836.74,10/3/2016 16:00,105.38
10/4/2016 16:00,184.59,10/4/2016 16:00,834.03,10/4/2016 16:00,105.45
10/5/2016 16:00,186.49,10/5/2016 16:00,844.36,10/5/2016 16:00,106.96
10/6/2016 16:00,186.29,10/6/2016 16:00,841.66,10/6/2016 16:00,107.08
10/7/2016 16:00,189.83,10/7/2016 16:00,839.43,10/7/2016 16:00,106
10/10/2016 16:00,189.19,10/10/2016 16:00,841.71,10/10/2016 16:00,108.41
10/11/2016 16:00,184.47,10/11/2016 16:00,831,10/11/2016 16:00,105.23
10/12/2016 16:00,183.21,10/12/2016 16:00,834.09,10/12/2016 16:00,103.62
10/13/2016 16:00,168.46,10/13/2016 16:00,829.28,10/13/2016 16:00,102.15
10/14/2016 16:00,167.04,10/14/2016 16:00,822.96,10/14/2016 16:00,101.85
10/17/2016 16:00,167.89,10/17/2016 16:00,812.95,10/17/2016 16:00,102.84
10/18/2016 16:00,167.51,10/18/2016 16:00,817.65,10/18/2016 16:00,103.34
10/19/2016 16:00,169.43,10/19/2016 16:00,817.69,10/19/2016 16:00,103.93
10/20/2016 16:00,171.05,10/20/2016 16:00,810.32,10/20/2016 16:00,103.85
10/21/2016 16:00,173.93,10/21/2016 16:00,818.99,10/21/2016 16:00,103.94
10/24/2016 16:00,172.82,10/24/2016 16:00,838.09,10/24/2016 16:00,104.5
10/25/2016 16:00,171.04,10/25/2016 16:00,835.18,10/25/2016 16:00,104.22
10/26/2016 16:00,170.65,10/26/2016 16:00,822.59,10/26/2016 16:00,102.78
10/27/2016 16:00,169.44,10/27/2016 16:00,818.36,10/27/2016 16:00,102.38
10/28/2016 16:00,168.16,10/28/2016 16:00,776.32,10/28/2016 16:00,101.93
10/31/2016 16:00,168.01,10/31/2016 16:00,789.82,10/31/2016 16:00,101.69
11/1/2016 16:00,169.79,11/1/2016 16:00,785.41,11/1/2016 16:00,101.15
11/2/2016 16:00,166.61,11/2/2016 16:00,765.56,11/2/2016 16:00,98.51
11/3/2016 16:00,165.88,11/3/2016 16:00,767.03,11/3/2016 16:00,97.75
11/4/2016 16:00,166.89,11/4/2016 16:00,755.05,11/4/2016 16:00,97.57
11/7/2016 16:00,169.26,11/7/2016 16:00,784.93,11/7/2016 16:00,99.35
11/8/2016 16:00,174.67,11/8/2016 16:00,787.75,11/8/2016 16:00,99.85
11/9/2016 16:00,172.84,11/9/2016 16:00,771.88,11/9/2016 16:00,96.67
11/10/2016 16:00,162.81,11/10/2016 16:00,742.38,11/10/2016 16:00,94.34
11/11/2016 16:00,155.96,11/11/2016 16:00,739.01,11/11/2016 16:00,92.99
11/14/2016 16:00,153.5,11/14/2016 16:00,719.07,11/14/2016 16:00,89.77
11/15/2016 16:00,155.71,11/15/2016 16:00,743.24,11/15/2016 16:00,91
11/16/2016 16:00,156.94,11/16/2016 16:00,746.49,11/16/2016 16:00,92.86
11/17/2016 16:00,157.27,11/17/2016 16:00,756.4,11/17/2016 16:00,94.07
11/18/2016 16:00,157.63,11/18/2016 16:00,760.16,11/18/2016 16:00,93.39
11/21/2016 16:00,160.63,11/21/2016 16:00,780,11/21/2016 16:00,93.41
11/22/2016 16:00,164.95,11/22/2016 16:00,785.33,11/22/2016 16:00,93.21
11/23/2016 16:00,166.75,11/23/2016 16:00,780.12,11/23/2016 16:00,93.03
11/25/2016 16:00,163.19,11/25/2016 16:00,780.37,11/25/2016 16:00,93.01
11/28/2016 16:00,161.86,11/28/2016 16:00,766.77,11/28/2016 16:00,93.76
11/29/2016 16:00,162.91,11/29/2016 16:00,762.52,11/29/2016 16:00,94.99
11/30/2016 16:00,157.82,11/30/2016 16:00,750.57,11/30/2016 16:00,94.02
12/1/2016 16:00,151.3,12/1/2016 16:00,743.65,12/1/2016 16:00,89.86
12/2/2016 16:00,152.56,12/2/2016 16:00,740.34,12/2/2016 16:00,90.48
12/5/2016 16:00,157.95,12/5/2016 16:00,759.36,12/5/2016 16:00,90.99
12/6/2016 16:00,157.55,12/6/2016 16:00,764.72,12/6/2016 16:00,90.4
12/7/2016 16:00,165.62,12/7/2016 16:00,770.42,12/7/2016 16:00,91.07
12/8/2016 16:00,159.96,12/8/2016 16:00,767.33,12/8/2016 16:00,92.31
12/9/2016 16:00,158.61,12/9/2016 16:00,768.66,12/9/2016 16:00,93.28
12/12/2016 16:00,153.68,12/12/2016 16:00,760.12,12/12/2016 16:00,92.47
12/13/2016 16:00,156.82,12/13/2016 16:00,774.34,12/13/2016 16:00,92.16
12/14/2016 16:00,157.74,12/14/2016 16:00,768.82,12/14/2016 16:00,91.19
12/15/2016 16:00,159.25,12/15/2016 16:00,761,12/15/2016 16:00,88.85
12/16/2016 16:00,154.97,12/16/2016 16:00,757.77,12/16/2016 16:00,88.67
12/19/2016 16:00,153.08,12/19/2016 16:00,766,12/19/2016 16:00,88.93
12/20/2016 16:00,152.89,12/20/2016 16:00,771.22,12/20/2016 16:00,89.84
12/21/2016 16:00,154.4,12/21/2016 16:00,770.6,12/21/2016 16:00,89.25
12/22/2016 16:00,156.45,12/22/2016 16:00,766.34,12/22/2016 16:00,86.8
12/23/2016 16:00,156.66,12/23/2016 16:00,760.59,12/23/2016 16:00,86.79
12/27/2016 16:00,158.5,12/27/2016 16:00,771.4,12/27/2016 16:00,87.54
12/28/2016 16:00,155.62,12/28/2016 16:00,772.13,12/28/2016 16:00,87.37
12/29/2016 16:00,158.51,12/29/2016 16:00,765.15,12/29/2016 16:00,87.33
12/30/2016 16:00,156.14,12/30/2016 16:00,749.87,12/30/2016 16:00,87.81
1/3/2017 16:00,161.02,1/3/2017 16:00,753.67,1/3/2017 16:00,88.6
1/4/2017 16:00,165.82,1/4/2017 16:00,757.18,1/4/2017 16:00,90.51
1/5/2017 16:00,171.28,1/5/2017 16:00,780.45,1/5/2017 16:00,94.37
1/6/2017 16:00,172.16,1/6/2017 16:00,795.99,1/6/2017 16:00,93.89
1/9/2017 16:00,174.11,1/9/2017 16:00,796.92,1/9/2017 16:00,94.72
1/10/2017 16:00,177.79,1/10/2017 16:00,795.9,1/10/2017 16:00,96.75
1/11/2017 16:00,176.75,1/11/2017 16:00,799.02,1/11/2017 16:00,96.94
1/12/2017 16:00,173.19,1/12/2017 16:00,813.64,1/12/2017 16:00,95.9
1/13/2017 16:00,176.45,1/13/2017 16:00,817.14,1/13/2017 16:00,96.27
1/17/2017 16:00,178.05,1/17/2017 16:00,809.72,1/17/2017 16:00,96.12
1/18/2017 16:00,175.26,1/18/2017 16:00,807.48,1/18/2017 16:00,96
1/19/2017 16:00,174.9,1/19/2017 16:00,809.04,1/19/2017 16:00,96.17
1/20/2017 16:00,176.17,1/20/2017 16:00,808.33,1/20/2017 16:00,96.06
1/23/2017 16:00,178.72,1/23/2017 16:00,817.88,1/23/2017 16:00,98.41
1/24/2017 16:00,183.31,1/24/2017 16:00,822.44,1/24/2017 16:00,101.43
1/25/2017 16:00,183.38,1/25/2017 16:00,836.52,1/25/2017 16:00,104.06
1/26/2017 16:00,183.37,1/26/2017 16:00,839.15,1/26/2017 16:00,102.75
1/27/2017 16:00,182.63,1/27/2017 16:00,835.77,1/27/2017 16:00,102.07
1/30/2017 16:00,185.12,1/30/2017 16:00,830.38,1/30/2017 16:00,101.02
1/31/2017 16:00,185.39,1/31/2017 16:00,823.48,1/31/2017 16:00,101.31
2/1/2017 16:00,188.58,2/1/2017 16:00,832.35,2/1/2017 16:00,101.57
2/2/2017 16:00,188.62,2/2/2017 16:00,839.95,2/2/2017 16:00,100.84
2/3/2017 16:00,190.15,2/3/2017 16:00,810.2,2/3/2017 16:00,100.39
2/6/2017 16:00,191.74,2/6/2017 16:00,807.64,2/6/2017 16:00,100.9
2/7/2017 16:00,191.61,2/7/2017 16:00,812.5,2/7/2017 16:00,100.83
2/8/2017 16:00,191.85,2/8/2017 16:00,819.71,2/8/2017 16:00,103.57
2/9/2017 16:00,191.71,2/9/2017 16:00,821.36,2/9/2017 16:00,103.34
2/10/2017 16:00,195.28,2/10/2017 16:00,827.46,2/10/2017 16:00,102.36
2/13/2017 16:00,195.12,2/13/2017 16:00,836.53,2/13/2017 16:00,103.1
2/14/2017 16:00,197.07,2/14/2017 16:00,836.39,2/14/2017 16:00,101.59
2/15/2017 16:00,199.93,2/15/2017 16:00,842.7,2/15/2017 16:00,101.55
2/16/2017 16:00,198.01,2/16/2017 16:00,844.14,2/16/2017 16:00,100.82
2/17/2017 16:00,198.43,2/17/2017 16:00,845.07,2/17/2017 16:00,100.52
2/21/2017 16:00,198.5,2/21/2017 16:00,856.44,2/21/2017 16:00,102.12
2/22/2017 16:00,200.41,2/22/2017 16:00,855.61,2/22/2017 16:00,104.2
2/23/2017 16:00,199.82,2/23/2017 16:00,852.19,2/23/2017 16:00,102.46
2/24/2017 16:00,207.79,2/24/2017 16:00,845.24,2/24/2017 16:00,102.95
2/27/2017 16:00,208.23,2/27/2017 16:00,848.64,2/27/2017 16:00,103.6
2/28/2017 16:00,210.87,2/28/2017 16:00,845.04,2/28/2017 16:00,102.9
3/1/2017 16:00,211.17,3/1/2017 16:00,853.08,3/1/2017 16:00,104.04
3/2/2017 16:00,208.8,3/2/2017 16:00,848.91,3/2/2017 16:00,103.19
3/3/2017 16:00,212.76,3/3/2017 16:00,849.88,3/3/2017 16:00,103.31
3/6/2017 16:00,210.77,3/6/2017 16:00,846.61,3/6/2017 16:00,102.31
3/7/2017 16:00,211.3,3/7/2017 16:00,846.02,3/7/2017 16:00,102.63
3/8/2017 16:00,209.13,3/8/2017 16:00,850.5,3/8/2017 16:00,103.22
3/9/2017 16:00,209.38,3/9/2017 16:00,853,3/9/2017 16:00,103.24
3/10/2017 16:00,211.29,3/10/2017 16:00,852.46,3/10/2017 16:00,103.39
3/13/2017 16:00,212.74,3/13/2017 16:00,854.59,3/13/2017 16:00,105.18
3/14/2017 16:00,212.3,3/14/2017 16:00,852.53,3/14/2017 16:00,104.25
3/15/2017 16:00,215.13,3/15/2017 16:00,852.97,3/15/2017 16:00,103.69
3/16/2017 16:00,211.56,3/16/2017 16:00,853.42,3/16/2017 16:00,105.63
3/17/2017 16:00,211.29,3/17/2017 16:00,852.31,3/17/2017 16:00,105.61
3/20/2017 16:00,216.11,3/20/2017 16:00,856.97,3/20/2017 16:00,107.25
3/21/2017 16:00,205.7,3/21/2017 16:00,843.2,3/21/2017 16:00,105.09
3/22/2017 16:00,209.63,3/22/2017 16:00,848.06,3/22/2017 16:00,106.09
3/23/2017 16:00,208.18,3/23/2017 16:00,847.38,3/23/2017 16:00,108.25
3/24/2017 16:00,210.86,3/24/2017 16:00,845.61,3/24/2017 16:00,108.04
3/27/2017 16:00,211.57,3/27/2017 16:00,846.82,3/27/2017 16:00,108.08
3/28/2017 16:00,211.51,3/28/2017 16:00,856,3/28/2017 16:00,107.8
3/29/2017 16:00,216.29,3/29/2017 16:00,874.32,3/29/2017 16:00,109.51
3/30/2017 16:00,212.56,3/30/2017 16:00,876.34,3/30/2017 16:00,108.85
3/31/2017 16:00,211.47,3/31/2017 16:00,886.54,3/31/2017 16:00,107.83
4/3/2017 16:00,219.95,4/3/2017 16:00,891.51,4/3/2017 16:00,108.09
4/4/2017 16:00,215.92,4/4/2017 16:00,906.83,4/4/2017 16:00,107.52
4/5/2017 16:00,215.28,4/5/2017 16:00,909.28,4/5/2017 16:00,107.44
4/6/2017 16:00,217.72,4/6/2017 16:00,898.28,4/6/2017 16:00,108.04
4/7/2017 16:00,219.1,4/7/2017 16:00,894.88,4/7/2017 16:00,108.99
4/10/2017 16:00,219.06,4/10/2017 16:00,907.04,4/10/2017 16:00,111.7
4/11/2017 16:00,219.78,4/11/2017 16:00,902.36,4/11/2017 16:00,110.44
4/12/2017 16:00,216.31,4/12/2017 16:00,896.23,4/12/2017 16:00,110.63
4/13/2017 16:00,215.46,4/13/2017 16:00,884.67,4/13/2017 16:00,110.21
4/17/2017 16:00,220.48,4/17/2017 16:00,901.99,4/17/2017 16:00,111.76
4/18/2017 16:00,217.83,4/18/2017 16:00,903.78,4/18/2017 16:00,111.23
4/19/2017 16:00,218.83,4/19/2017 16:00,899.2,4/19/2017 16:00,110.76
4/20/2017 16:00,223.41,4/20/2017 16:00,902.06,4/20/2017 16:00,112.96
4/21/2017 16:00,223.82,4/21/2017 16:00,898.53,4/21/2017 16:00,113.11
4/24/2017 16:00,225.9,4/24/2017 16:00,907.41,4/24/2017 16:00,114.86
4/25/2017 16:00,230.63,4/25/2017 16:00,907.62,4/25/2017 16:00,115.48
4/26/2017 16:00,228.28,4/26/2017 16:00,909.29,4/26/2017 16:00,114.97
4/27/2017 16:00,230.21,4/27/2017 16:00,918.38,4/27/2017 16:00,115.43
4/28/2017 16:00,228.91,4/28/2017 16:00,924.99,4/28/2017 16:00,115.5
5/1/2017 16:00,235.09,5/1/2017 16:00,948.23,5/1/2017 16:00,116.68
5/2/2017 16:00,234.76,5/2/2017 16:00,946.94,5/2/2017 16:00,118.09
5/3/2017 16:00,234.97,5/3/2017 16:00,941.03,5/3/2017 16:00,116.57
5/4/2017 16:00,236.51,5/4/2017 16:00,937.53,5/4/2017 16:00,115.86
5/5/2017 16:00,275.16,5/5/2017 16:00,934.15,5/5/2017 16:00,116.04
5/8/2017 16:00,274.96,5/8/2017 16:00,949.04,5/8/2017 16:00,116.86
5/9/2017 16:00,281.77,5/9/2017 16:00,952.82,5/9/2017 16:00,120
5/10/2017 16:00,282.26,5/10/2017 16:00,948.95,5/10/2017 16:00,119.98
5/11/2017 16:00,280.87,5/11/2017 16:00,947.62,5/11/2017 16:00,120.16
5/12/2017 16:00,287.28,5/12/2017 16:00,961.35,5/12/2017 16:00,120.34
5/15/2017 16:00,296.24,5/15/2017 16:00,957.97,5/15/2017 16:00,121.4
5/16/2017 16:00,297.22,5/16/2017 16:00,966.07,5/16/2017 16:00,124.02
5/17/2017 16:00,278.55,5/17/2017 16:00,944.76,5/17/2017 16:00,120.72
5/18/2017 16:00,270.81,5/18/2017 16:00,958.49,5/18/2017 16:00,121.27
5/19/2017 16:00,272.57,5/19/2017 16:00,959.84,5/19/2017 16:00,123.22
5/22/2017 16:00,275.37,5/22/2017 16:00,970.67,5/22/2017 16:00,124.75
5/23/2017 16:00,281.8,5/23/2017 16:00,971.54,5/23/2017 16:00,122.93
5/24/2017 16:00,286.28,5/24/2017 16:00,980.35,5/24/2017 16:00,122.81
5/25/2017 16:00,292.42,5/25/2017 16:00,993.38,5/25/2017 16:00,123.63
5/26/2017 16:00,286.95,5/26/2017 16:00,995.78,5/26/2017 16:00,123.99
5/30/2017 16:00,279.98,5/30/2017 16:00,996.7,5/30/2017 16:00,123.91
5/31/2017 16:00,275.11,5/31/2017 16:00,994.62,5/31/2017 16:00,122.46
6/1/2017 16:00,280.4,6/1/2017 16:00,995.95,6/1/2017 16:00,123.97
6/2/2017 16:00,280.37,6/2/2017 16:00,1006.73,6/2/2017 16:00,124.13
6/5/2017 16:00,278.89,6/5/2017 16:00,1011.34,6/5/2017 16:00,125.37
6/6/2017 16:00,280.04,6/6/2017 16:00,1003,6/6/2017 16:00,124.62
6/7/2017 16:00,285.25,6/7/2017 16:00,1010.07,6/7/2017 16:00,125.64
6/8/2017 16:00,288.12,6/8/2017 16:00,1010.27,6/8/2017 16:00,142.34
6/9/2017 16:00,275.07,6/9/2017 16:00,978.31,6/9/2017 16:00,139.44
6/12/2017 16:00,270.73,6/12/2017 16:00,964.91,6/12/2017 16:00,139.08
6/13/2017 16:00,273,6/13/2017 16:00,980.79,6/13/2017 16:00,136.6
6/14/2017 16:00,265,6/14/2017 16:00,976.47,6/14/2017 16:00,136.67
6/15/2017 16:00,263.3,6/15/2017 16:00,964.17,6/15/2017 16:00,135.08
6/16/2017 16:00,263.45,6/16/2017 16:00,987.71,6/16/2017 16:00,134.87
6/19/2017 16:00,274.32,6/19/2017 16:00,995.17,6/19/2017 16:00,139.47
6/20/2017 16:00,271.27,6/20/2017 16:00,992.59,6/20/2017 16:00,138.38
6/21/2017 16:00,276.99,6/21/2017 16:00,1002.23,6/21/2017 16:00,143.29
6/22/2017 16:00,275.75,6/22/2017 16:00,1001.3,6/22/2017 16:00,142.27
6/23/2017 16:00,275.23,6/23/2017 16:00,1003.74,6/23/2017 16:00,143.01
6/26/2017 16:00,268,6/26/2017 16:00,993.98,6/26/2017 16:00,142.73
6/27/2017 16:00,255.93,6/27/2017 16:00,976.78,6/27/2017 16:00,141.53
6/28/2017 16:00,262.31,6/28/2017 16:00,990.33,6/28/2017 16:00,143.95
6/29/2017 16:00,252.43,6/29/2017 16:00,975.93,6/29/2017 16:00,140.81
6/30/2017 16:00,250.88,6/30/2017 16:00,968,6/30/2017 16:00,140.9
7/3/2017 16:00,250.68,7/3/2017 16:00,953.66,7/3/2017 16:00,140.99
7/5/2017 16:00,248.98,7/5/2017 16:00,971.4,7/5/2017 16:00,144.87
7/6/2017 16:00,251.1,7/6/2017 16:00,965.14,7/6/2017 16:00,142.2
7/7/2017 16:00,255.6,7/7/2017 16:00,978.76,7/7/2017 16:00,142.43
7/10/2017 16:00,259.82,7/10/2017 16:00,996.47,7/10/2017 16:00,143.81
7/11/2017 16:00,262.41,7/11/2017 16:00,994.13,7/11/2017 16:00,145.81
7/12/2017 16:00,274.35,7/12/2017 16:00,1006.51,7/12/2017 16:00,149
7/13/2017 16:00,271.54,7/13/2017 16:00,1000.63,7/13/2017 16:00,149.52
7/14/2017 16:00,273.58,7/14/2017 16:00,1001.81,7/14/2017 16:00,151.83
7/17/2017 16:00,276.12,7/17/2017 16:00,1010.04,7/17/2017 16:00,151.23
7/18/2017 16:00,280.24,7/18/2017 16:00,1024.45,7/18/2017 16:00,153.75
7/19/2017 16:00,280.56,7/19/2017 16:00,1026.87,7/19/2017 16:00,153.15
7/20/2017 16:00,282.08,7/20/2017 16:00,1028.7,7/20/2017 16:00,152.11
7/21/2017 16:00,280.26,7/21/2017 16:00,1025.67,7/21/2017 16:00,151.89
7/24/2017 16:00,282.38,7/24/2017 16:00,1038.95,7/24/2017 16:00,152.26
7/25/2017 16:00,279.26,7/25/2017 16:00,1039.87,7/25/2017 16:00,152.44
7/26/2017 16:00,286.02,7/26/2017 16:00,1052.8,7/26/2017 16:00,155.79
7/27/2017 16:00,286.64,7/27/2017 16:00,1046,7/27/2017 16:00,154.15
7/28/2017 16:00,288.87,7/28/2017 16:00,1020.04,7/28/2017 16:00,157.56
7/31/2017 16:00,288.42,7/31/2017 16:00,987.78,7/31/2017 16:00,154.95
8/1/2017 16:00,288.88,8/1/2017 16:00,996.19,8/1/2017 16:00,154.73
8/2/2017 16:00,286.6,8/2/2017 16:00,995.89,8/2/2017 16:00,151.91
8/3/2017 16:00,292.38,8/3/2017 16:00,986.92,8/3/2017 16:00,153.32
8/4/2017 16:00,260.47,8/4/2017 16:00,987.58,8/4/2017 16:00,153.33
8/7/2017 16:00,256.17,8/7/2017 16:00,992.27,8/7/2017 16:00,158.84
8/8/2017 16:00,251.92,8/8/2017 16:00,989.84,8/8/2017 16:00,157.5
8/9/2017 16:00,251.52,8/9/2017 16:00,982.01,8/9/2017 16:00,157.49
8/10/2017 16:00,232.64,8/10/2017 16:00,956.92,8/10/2017 16:00,151.77
8/11/2017 16:00,240.16,8/11/2017 16:00,967.99,8/11/2017 16:00,151.7
8/14/2017 16:00,236.94,8/14/2017 16:00,983.3,8/14/2017 16:00,154.61
8/15/2017 16:00,236.07,8/15/2017 16:00,982.74,8/15/2017 16:00,157.75
8/16/2017 16:00,241.9,8/16/2017 16:00,978.18,8/16/2017 16:00,159.5
8/17/2017 16:00,234.19,8/17/2017 16:00,960.57,8/17/2017 16:00,163.92
8/18/2017 16:00,236.14,8/18/2017 16:00,958.47,8/18/2017 16:00,167.5
8/21/2017 16:00,241.95,8/21/2017 16:00,953.29,8/21/2017 16:00,169.25
8/22/2017 16:00,243.29,8/22/2017 16:00,966.9,8/22/2017 16:00,174.46
8/23/2017 16:00,243.54,8/23/2017 16:00,958,8/23/2017 16:00,175.8
8/24/2017 16:00,243.62,8/24/2017 16:00,952.45,8/24/2017 16:00,175
8/25/2017 16:00,246.41,8/25/2017 16:00,945.26,8/25/2017 16:00,171.74
8/28/2017 16:00,242.54,8/28/2017 16:00,946.02,8/28/2017 16:00,168.3
8/29/2017 16:00,240.9,8/29/2017 16:00,954.06,8/29/2017 16:00,167.41
8/30/2017 16:00,246.75,8/30/2017 16:00,967.59,8/30/2017 16:00,171.25
8/31/2017 16:00,258.47,8/31/2017 16:00,980.6,8/31/2017 16:00,171.74
9/1/2017 16:00,251.91,9/1/2017 16:00,978.25,9/1/2017 16:00,171.04
9/5/2017 16:00,256.63,9/5/2017 16:00,965.27,9/5/2017 16:00,169.92
9/6/2017 16:00,257.88,9/6/2017 16:00,967.8,9/6/2017 16:00,168.14
9/7/2017 16:00,258.68,9/7/2017 16:00,979.47,9/7/2017 16:00,170.48
9/8/2017 16:00,259.98,9/8/2017 16:00,965.9,9/8/2017 16:00,169
9/11/2017 16:00,285.26,9/11/2017 16:00,977.96,9/11/2017 16:00,174.06
9/12/2017 16:00,290.79,9/12/2017 16:00,982.58,9/12/2017 16:00,175.31
9/13/2017 16:00,292.21,9/13/2017 16:00,999.6,9/13/2017 16:00,178.97
9/14/2017 16:00,287.92,9/14/2017 16:00,992.21,9/14/2017 16:00,177.1
9/15/2017 16:00,282.71,9/15/2017 16:00,986.79,9/15/2017 16:00,176.7
9/18/2017 16:00,289.71,9/18/2017 16:00,974.19,9/18/2017 16:00,179.98
9/19/2017 16:00,289.97,9/19/2017 16:00,969.86,9/19/2017 16:00,180.07
9/20/2017 16:00,290.2,9/20/2017 16:00,973.21,9/20/2017 16:00,177.95
9/21/2017 16:00,281.87,9/21/2017 16:00,964.65,9/21/2017 16:00,177.39
9/22/2017 16:00,279.46,9/22/2017 16:00,955.1,9/22/2017 16:00,178.14
9/25/2017 16:00,270.22,9/25/2017 16:00,939.79,9/25/2017 16:00,169.59
9/26/2017 16:00,269.27,9/26/2017 16:00,938.6,9/26/2017 16:00,167.02
9/27/2017 16:00,267.4,9/27/2017 16:00,950.87,9/27/2017 16:00,170.99
9/28/2017 16:00,261.99,9/28/2017 16:00,956.4,9/28/2017 16:00,170.24
9/29/2017 16:00,258.93,9/29/2017 16:00,961.35,9/29/2017 16:00,172.71
10/2/2017 16:00,263.65,10/2/2017 16:00,959.19,10/2/2017 16:00,173.61
10/3/2017 16:00,264.36,10/3/2017 16:00,957.1,10/3/2017 16:00,178.56
10/4/2017 16:00,263.81,10/4/2017 16:00,965.45,10/4/2017 16:00,178.71
10/5/2017 16:00,270.23,10/5/2017 16:00,980.85,10/5/2017 16:00,178.89
10/6/2017 16:00,268.82,10/6/2017 16:00,989.58,10/6/2017 16:00,179.2
10/9/2017 16:00,269.92,10/9/2017 16:00,990.99,10/9/2017 16:00,182.09
10/10/2017 16:00,273.64,10/10/2017 16:00,987.2,10/10/2017 16:00,183.12
10/11/2017 16:00,274.49,10/11/2017 16:00,995,10/11/2017 16:00,184.69
10/12/2017 16:00,246.26,10/12/2017 16:00,1000.93,10/12/2017 16:00,180.53
10/13/2017 16:00,244.9,10/13/2017 16:00,1002.94,10/13/2017 16:00,178.45
10/16/2017 16:00,233,10/16/2017 16:00,1006.34,10/16/2017 16:00,179.56
10/17/2017 16:00,234.79,10/17/2017 16:00,1009.13,10/17/2017 16:00,175.32
10/18/2017 16:00,242.41,10/18/2017 16:00,997,10/18/2017 16:00,179.61
10/19/2017 16:00,236,10/19/2017 16:00,986.61,10/19/2017 16:00,177.93
10/20/2017 16:00,235.73,10/20/2017 16:00,982.91,10/20/2017 16:00,177.32
10/23/2017 16:00,226.35,10/23/2017 16:00,966.3,10/23/2017 16:00,173.13
10/24/2017 16:00,225.42,10/24/2017 16:00,975.9,10/24/2017 16:00,173.7
10/25/2017 16:00,221.51,10/25/2017 16:00,972.91,10/25/2017 16:00,170.22
10/26/2017 16:00,229,10/26/2017 16:00,972.43,10/26/2017 16:00,170.32
10/27/2017 16:00,236.05,10/27/2017 16:00,1100.95,10/27/2017 16:00,176.15
10/30/2017 16:00,234.5,10/30/2017 16:00,1110.85,10/30/2017 16:00,181.58
10/31/2017 16:00,240.31,10/31/2017 16:00,1105.28,10/31/2017 16:00,184.89
11/1/2017 16:00,239.02,11/1/2017 16:00,1103.68,11/1/2017 16:00,186.08
11/2/2017 16:00,236,11/2/2017 16:00,1094.22,11/2/2017 16:00,184.81
11/3/2017 16:00,267.35,11/3/2017 16:00,1111.6,11/3/2017 16:00,183.21
11/6/2017 16:00,268.53,11/6/2017 16:00,1120.66,11/6/2017 16:00,187.84
11/7/2017 16:00,265.63,11/7/2017 16:00,1123.17,11/7/2017 16:00,188.51
11/8/2017 16:00,260.1,11/8/2017 16:00,1132.88,11/8/2017 16:00,185.9
11/9/2017 16:00,266.41,11/9/2017 16:00,1129.13,11/9/2017 16:00,185.13
11/10/2017 16:00,270.87,11/10/2017 16:00,1125.35,11/10/2017 16:00,186.41
11/13/2017 16:00,267.08,11/13/2017 16:00,1129.17,11/13/2017 16:00,184.54
11/14/2017 16:00,262.49,11/14/2017 16:00,1136.84,11/14/2017 16:00,181.79
11/15/2017 16:00,263.54,11/15/2017 16:00,1126.69,11/15/2017 16:00,181.48
11/16/2017 16:00,262.48,11/16/2017 16:00,1137.29,11/16/2017 16:00,185.43
11/17/2017 16:00,269.73,11/17/2017 16:00,1129.88,11/17/2017 16:00,185.13
11/20/2017 16:00,265.84,11/20/2017 16:00,1126.31,11/20/2017 16:00,188
11/21/2017 16:00,268.76,11/21/2017 16:00,1139.49,11/21/2017 16:00,190.9
11/22/2017 16:00,265.89,11/22/2017 16:00,1156.16,11/22/2017 16:00,189.84
11/24/2017 13:00,271.38,11/24/2017 13:00,1186,11/24/2017 13:00,191.19
11/27/2017 16:00,272.62,11/27/2017 16:00,1195.83,11/27/2017 16:00,188.03
11/28/2017 16:00,269.84,11/28/2017 16:00,1193.6,11/28/2017 16:00,186.69
11/29/2017 16:00,267.7,11/29/2017 16:00,1161.27,11/29/2017 16:00,179.91
11/30/2017 16:00,275.14,11/30/2017 16:00,1176.75,11/30/2017 16:00,177.08
12/1/2017 16:00,272.91,12/1/2017 16:00,1162.35,12/1/2017 16:00,174.61
12/4/2017 16:00,271.73,12/4/2017 16:00,1133.95,12/4/2017 16:00,169.58
12/5/2017 16:00,270.8,12/5/2017 16:00,1141.57,12/5/2017 16:00,168.96
12/6/2017 16:00,272.21,12/6/2017 16:00,1152.35,12/6/2017 16:00,172.63
12/7/2017 16:00,272.68,12/7/2017 16:00,1159.79,12/7/2017 16:00,174.47
12/8/2017 16:00,276.45,12/8/2017 16:00,1162,12/8/2017 16:00,177.62
12/11/2017 16:00,288.8,12/11/2017 16:00,1168.92,12/11/2017 16:00,179.29
12/12/2017 16:00,295.12,12/12/2017 16:00,1165.08,12/12/2017 16:00,174.64
12/13/2017 16:00,318.94,12/13/2017 16:00,1164.13,12/13/2017 16:00,176.47
12/14/2017 16:00,321.01,12/14/2017 16:00,1174.26,12/14/2017 16:00,171.75
12/15/2017 16:00,318.91,12/15/2017 16:00,1179.14,12/15/2017 16:00,173.55
12/18/2017 16:00,326.12,12/18/2017 16:00,1190.58,12/18/2017 16:00,173.37
12/19/2017 16:00,329.28,12/19/2017 16:00,1187.38,12/19/2017 16:00,171.28
12/20/2017 16:00,314.9,12/20/2017 16:00,1177.62,12/20/2017 16:00,172.64
12/21/2017 16:00,318.54,12/21/2017 16:00,1174.76,12/21/2017 16:00,175.32
12/22/2017 16:00,314.83,12/22/2017 16:00,1168.36,12/22/2017 16:00,176.29
12/26/2017 16:00,318.49,12/26/2017 16:00,1176.76,12/26/2017 16:00,172.33
12/27/2017 16:00,319,12/27/2017 16:00,1182.26,12/27/2017 16:00,172.97
12/28/2017 16:00,315.57,12/28/2017 16:00,1186.1,12/28/2017 16:00,172.3
12/29/2017 16:00,314.66,12/29/2017 16:00,1169.47,12/29/2017 16:00,172.43
1/2/2018 16:00,322.58,1/2/2018 16:00,1189.01,1/2/2018 16:00,183.65
1/3/2018 16:00,329.28,1/3/2018 16:00,1204.2,1/3/2018 16:00,184
1/4/2018 16:00,325.88,1/4/2018 16:00,1209.59,1/4/2018 16:00,185.71
1/5/2018 16:00,330.87,1/5/2018 16:00,1229.14,1/5/2018 16:00,190.7
1/8/2018 16:00,340.79,1/8/2018 16:00,1246.87,1/8/2018 16:00,190.33
1/9/2018 16:00,337.65,1/9/2018 16:00,1252.7,1/9/2018 16:00,190.8
1/10/2018 16:00,339.55,1/10/2018 16:00,1254.33,1/10/2018 16:00,189.79
1/11/2018 16:00,342.02,1/11/2018 16:00,1276.68,1/11/2018 16:00,188.75
1/12/2018 16:00,342.47,1/12/2018 16:00,1305.2,1/12/2018 16:00,187.79
1/16/2018 16:00,339.85,1/16/2018 16:00,1304.86,1/16/2018 16:00,182.4
1/17/2018 16:00,340.45,1/17/2018 16:00,1295,1/17/2018 16:00,183.83
1/18/2018 16:00,341.88,1/18/2018 16:00,1293.32,1/18/2018 16:00,184.4
1/19/2018 16:00,345.31,1/19/2018 16:00,1294.58,1/19/2018 16:00,184.05
1/22/2018 16:00,352.27,1/22/2018 16:00,1327.31,1/22/2018 16:00,184.02
1/23/2018 16:00,355.43,1/23/2018 16:00,1362.54,1/23/2018 16:00,192.28
1/24/2018 16:00,355.6,1/24/2018 16:00,1357.51,1/24/2018 16:00,195.53
1/25/2018 16:00,360.06,1/25/2018 16:00,1377.95,1/25/2018 16:00,198.33
1/26/2018 16:00,381.86,1/26/2018 16:00,1402.05,1/26/2018 16:00,205.22
1/29/2018 16:00,390.27,1/29/2018 16:00,1417.68,1/29/2018 16:00,203.01
1/30/2018 16:00,386.37,1/30/2018 16:00,1437.82,1/30/2018 16:00,199.66
1/31/2018 16:00,387.1,1/31/2018 16:00,1450.89,1/31/2018 16:00,204.29
2/1/2018 16:00,378.76,2/1/2018 16:00,1390,2/1/2018 16:00,192.22
2/2/2018 16:00,368.39,2/2/2018 16:00,1429.95,2/2/2018 16:00,187.31
2/5/2018 16:00,351.99,2/5/2018 16:00,1390,2/5/2018 16:00,180.53
2/6/2018 16:00,350.46,2/6/2018 16:00,1442.84,2/6/2018 16:00,185.17
2/7/2018 16:00,343.55,2/7/2018 16:00,1416.78,2/7/2018 16:00,180.3
2/8/2018 16:00,345.31,2/8/2018 16:00,1350.5,2/8/2018 16:00,173.7
2/9/2018 16:00,335.86,2/9/2018 16:00,1339.6,2/9/2018 16:00,176.67
2/12/2018 16:00,353.45,2/12/2018 16:00,1386.23,2/12/2018 16:00,177.44
2/13/2018 16:00,366.51,2/13/2018 16:00,1414.51,2/13/2018 16:00,179.25
2/14/2018 16:00,375.71,2/14/2018 16:00,1451.05,2/14/2018 16:00,186.76
2/15/2018 16:00,379.05,2/15/2018 16:00,1461.76,2/15/2018 16:00,187.45
2/16/2018 16:00,369.87,2/16/2018 16:00,1448.69,2/16/2018 16:00,183.68
2/20/2018 16:00,375.78,2/20/2018 16:00,1468.35,2/20/2018 16:00,187.19
2/21/2018 16:00,373.34,2/21/2018 16:00,1482.92,2/21/2018 16:00,188.82
2/22/2018 16:00,369.5,2/22/2018 16:00,1485.34,2/22/2018 16:00,188.75
2/23/2018 16:00,387.26,2/23/2018 16:00,1500,2/23/2018 16:00,193.29
2/26/2018 16:00,392.56,2/26/2018 16:00,1521.95,2/26/2018 16:00,194.19
2/27/2018 16:00,375.44,2/27/2018 16:00,1511.98,2/27/2018 16:00,188.26
2/28/2018 16:00,387.97,2/28/2018 16:00,1512.45,2/28/2018 16:00,186.14
3/1/2018 16:00,385.38,3/1/2018 16:00,1493.45,3/1/2018 16:00,181.99
3/2/2018 16:00,388.96,3/2/2018 16:00,1500.25,3/2/2018 16:00,179.76
3/5/2018 16:00,390.89,3/5/2018 16:00,1523.61,3/5/2018 16:00,181.6
3/6/2018 16:00,410.25,3/6/2018 16:00,1537.64,3/6/2018 16:00,187.37
3/7/2018 16:00,407.88,3/7/2018 16:00,1545,3/7/2018 16:00,189.05
3/8/2018 16:00,397.32,3/8/2018 16:00,1551.86,3/8/2018 16:00,187.18
3/9/2018 16:00,413.94,3/9/2018 16:00,1578.89,3/9/2018 16:00,190.55
3/12/2018 16:00,410.05,3/12/2018 16:00,1598.39,3/12/2018 16:00,192.74
3/13/2018 16:00,406.41,3/13/2018 16:00,1588.18,3/13/2018 16:00,188.41
3/14/2018 16:00,404.97,3/14/2018 16:00,1591,3/14/2018 16:00,192.56
3/15/2018 16:00,387.11,3/15/2018 16:00,1582.32,3/15/2018 16:00,199.06
3/16/2018 16:00,378.44,3/16/2018 16:00,1571.68,3/16/2018 16:00,200.28
3/19/2018 16:00,366.51,3/19/2018 16:00,1544.93,3/19/2018 16:00,194.53
3/20/2018 16:00,364.73,3/20/2018 16:00,1586.51,3/20/2018 16:00,198.95
3/21/2018 16:00,361.85,3/21/2018 16:00,1581.86,3/21/2018 16:00,195.3
3/22/2018 16:00,350.6,3/22/2018 16:00,1544.92,3/22/2018 16:00,184.65
3/23/2018 16:00,344.73,3/23/2018 16:00,1495.56,3/23/2018 16:00,181.2
3/26/2018 16:00,353.4,3/26/2018 16:00,1555.86,3/26/2018 16:00,190.5
3/27/2018 16:00,352.21,3/27/2018 16:00,1497.05,3/27/2018 16:00,181.89
3/28/2018 16:00,341.22,3/28/2018 16:00,1431.42,3/28/2018 16:00,178.91
3/29/2018 16:00,356.39,3/29/2018 16:00,1447.34,3/29/2018 16:00,183.54
4/2/2018 16:00,347.2,4/2/2018 16:00,1371.99,4/2/2018 16:00,177.61
4/3/2018 16:00,342.87,4/3/2018 16:00,1392.05,4/3/2018 16:00,174.67
4/4/2018 16:00,355.48,4/4/2018 16:00,1410.57,4/4/2018 16:00,172.07
4/5/2018 16:00,351.96,4/5/2018 16:00,1451.75,4/5/2018 16:00,172.57
4/6/2018 16:00,342.54,4/6/2018 16:00,1405.23,4/6/2018 16:00,167.52
4/9/2018 16:00,342.67,4/9/2018 16:00,1406.08,4/9/2018 16:00,169.87
4/10/2018 16:00,347.83,4/10/2018 16:00,1436.22,4/10/2018 16:00,177.1
4/11/2018 16:00,328.7,4/11/2018 16:00,1427.05,4/11/2018 16:00,175.36
4/12/2018 16:00,327.4,4/12/2018 16:00,1448.5,4/12/2018 16:00,175.92
4/13/2018 16:00,329.67,4/13/2018 16:00,1430.79,4/13/2018 16:00,172.04
4/16/2018 16:00,322.78,4/16/2018 16:00,1441.5,4/16/2018 16:00,174.7
4/17/2018 16:00,337.54,4/17/2018 16:00,1503.83,4/17/2018 16:00,178.7
4/18/2018 16:00,345.1,4/18/2018 16:00,1527.84,4/18/2018 16:00,182.68
4/19/2018 16:00,330,4/19/2018 16:00,1556.91,4/19/2018 16:00,181.39
4/20/2018 16:00,324.49,4/20/2018 16:00,1527.49,4/20/2018 16:00,179.11
4/23/2018 16:00,330.46,4/23/2018 16:00,1517.86,4/23/2018 16:00,175.57
4/24/2018 16:00,328.77,4/24/2018 16:00,1460.09,4/24/2018 16:00,173.09
4/25/2018 16:00,336.13,4/25/2018 16:00,1460.17,4/25/2018 16:00,170.22
4/26/2018 16:00,344.45,4/26/2018 16:00,1517.96,4/26/2018 16:00,173.9
4/27/2018 16:00,341.17,4/27/2018 16:00,1572.62,4/27/2018 16:00,177.16
4/30/2018 16:00,339.61,4/30/2018 16:00,1566.13,4/30/2018 16:00,178.54
5/1/2018 16:00,339.46,5/1/2018 16:00,1582.26,5/1/2018 16:00,179.5
5/2/2018 16:00,333.25,5/2/2018 16:00,1569.68,5/2/2018 16:00,181.45
5/3/2018 16:00,330.59,5/3/2018 16:00,1572.08,5/3/2018 16:00,182.45
5/4/2018 16:00,329.97,5/4/2018 16:00,1580.95,5/4/2018 16:00,188.89
5/7/2018 16:00,339.31,5/7/2018 16:00,1600.14,5/7/2018 16:00,195.35
5/8/2018 16:00,333.44,5/8/2018 16:00,1592.39,5/8/2018 16:00,196.31
5/9/2018 16:00,325.31,5/9/2018 16:00,1608,5/9/2018 16:00,195.43
5/10/2018 16:00,316.63,5/10/2018 16:00,1609.08,5/10/2018 16:00,195.96
5/11/2018 16:00,309.01,5/11/2018 16:00,1602.91,5/11/2018 16:00,194.36
5/14/2018 16:00,298.58,5/14/2018 16:00,1601.54,5/14/2018 16:00,198.64
5/15/2018 16:00,290.75,5/15/2018 16:00,1576.12,5/15/2018 16:00,196.61
5/16/2018 16:00,305.13,5/16/2018 16:00,1587.28,5/16/2018 16:00,198.11
5/17/2018 16:00,298.85,5/17/2018 16:00,1581.76,5/17/2018 16:00,196.02
5/18/2018 16:00,295.37,5/18/2018 16:00,1574.37,5/18/2018 16:00,195
5/21/2018 16:00,290.6,5/21/2018 16:00,1585.46,5/21/2018 16:00,197.64
5/22/2018 16:00,294.76,5/22/2018 16:00,1581.4,5/22/2018 16:00,195.87
5/23/2018 16:00,304.79,5/23/2018 16:00,1601.86,5/23/2018 16:00,196.8
5/24/2018 16:00,314.93,5/24/2018 16:00,1603.07,5/24/2018 16:00,197.37
5/25/2018 16:00,314.7,5/25/2018 16:00,1610.15,5/25/2018 16:00,199.2
5/29/2018 16:00,297.71,5/29/2018 16:00,1612.87,5/29/2018 16:00,198
5/30/2018 16:00,302.27,5/30/2018 16:00,1624.89,5/30/2018 16:00,197.98
5/31/2018 16:00,302.27,5/31/2018 16:00,1629.62,5/31/2018 16:00,198.01
6/1/2018 16:00,296.66,6/1/2018 16:00,1641.54,6/1/2018 16:00,204.34
6/4/2018 16:00,307.65,6/4/2018 16:00,1665.27,6/4/2018 16:00,208.95
6/5/2018 16:00,307.02,6/5/2018 16:00,1696.35,6/5/2018 16:00,208.37
6/6/2018 16:00,315,6/6/2018 16:00,1695.75,6/6/2018 16:00,208.3
6/7/2018 16:00,288.85,6/7/2018 16:00,1689.3,6/7/2018 16:00,203.62
6/8/2018 16:00,288.8,6/8/2018 16:00,1683.99,6/8/2018 16:00,205.07
6/11/2018 16:00,297.73,6/11/2018 16:00,1689.12,6/11/2018 16:00,205.7
6/12/2018 16:00,301.14,6/12/2018 16:00,1698.75,6/12/2018 16:00,209.08
6/13/2018 16:00,291,6/13/2018 16:00,1704.86,6/13/2018 16:00,206.62
6/14/2018 16:00,305,6/14/2018 16:00,1723.86,6/14/2018 16:00,210.86
6/15/2018 16:00,303.82,6/15/2018 16:00,1715.97,6/15/2018 16:00,208
6/18/2018 16:00,294.58,6/18/2018 16:00,1723.79,6/18/2018 16:00,208.57
6/19/2018 16:00,295.26,6/19/2018 16:00,1734.78,6/19/2018 16:00,204.43
6/20/2018 16:00,296.48,6/20/2018 16:00,1734.78,6/20/2018 16:00,206.23
6/21/2018 16:00,287.37,6/21/2018 16:00,1730.22,6/21/2018 16:00,202.21
6/22/2018 16:00,290.86,6/22/2018 16:00,1715.67,6/22/2018 16:00,202.01
6/25/2018 16:00,288.27,6/25/2018 16:00,1663.15,6/25/2018 16:00,191.25
6/26/2018 16:00,298.35,6/26/2018 16:00,1691.09,6/26/2018 16:00,191.42
6/27/2018 16:00,285.35,6/27/2018 16:00,1660.51,6/27/2018 16:00,185.02
6/28/2018 16:00,296.8,6/28/2018 16:00,1701.45,6/28/2018 16:00,188.38
6/29/2018 16:00,298.93,6/29/2018 16:00,1699.8,6/29/2018 16:00,185.53
7/2/2018 16:00,295.7,7/2/2018 16:00,1713.78,7/2/2018 16:00,186.36
7/3/2018 13:00,297.43,7/3/2018 13:00,1693.96,7/3/2018 13:00,184.75
7/5/2018 16:00,304.46,7/5/2018 16:00,1699.73,7/5/2018 16:00,186.88
7/6/2018 16:00,312.91,7/6/2018 16:00,1710.63,7/6/2018 16:00,192.27
7/9/2018 16:00,309.77,7/9/2018 16:00,1739.02,7/9/2018 16:00,192.75
7/10/2018 16:00,308.15,7/10/2018 16:00,1743.07,7/10/2018 16:00,192.55
7/11/2018 16:00,303.24,7/11/2018 16:00,1755,7/11/2018 16:00,187.42
7/12/2018 16:00,318.05,7/12/2018 16:00,1796.62,7/12/2018 16:00,190.17
7/13/2018 16:00,327.68,7/13/2018 16:00,1813.03,7/13/2018 16:00,190.04
7/16/2018 16:00,343.25,7/16/2018 16:00,1822.49,7/16/2018 16:00,190.35
7/17/2018 16:00,359.8,7/17/2018 16:00,1843.93,7/17/2018 16:00,192.66
7/18/2018 16:00,369.35,7/18/2018 16:00,1842.92,7/18/2018 16:00,190.79
7/19/2018 16:00,374.61,7/19/2018 16:00,1812.97,7/19/2018 16:00,187.34
7/20/2018 16:00,373.46,7/20/2018 16:00,1813.7,7/20/2018 16:00,187.25
7/23/2018 16:00,363.29,7/23/2018 16:00,1802,7/23/2018 16:00,187.04
7/24/2018 16:00,353,7/24/2018 16:00,1829.24,7/24/2018 16:00,189
7/25/2018 16:00,364.99,7/25/2018 16:00,1863.61,7/25/2018 16:00,197.98
7/26/2018 16:00,363.73,7/26/2018 16:00,1808,7/26/2018 16:00,194.18
7/27/2018 16:00,354.57,7/27/2018 16:00,1817.27,7/27/2018 16:00,189.42
7/30/2018 16:00,343.25,7/30/2018 16:00,1779.22,7/30/2018 16:00,184.82
7/31/2018 16:00,342.91,7/31/2018 16:00,1777.44,7/31/2018 16:00,187.23
8/1/2018 16:00,346.14,8/1/2018 16:00,1797.17,8/1/2018 16:00,185.27
8/2/2018 16:00,339.27,8/2/2018 16:00,1834.33,8/2/2018 16:00,182.6
8/3/2018 16:00,343.88,8/3/2018 16:00,1823.29,8/3/2018 16:00,180.84
8/6/2018 16:00,348.52,8/6/2018 16:00,1847.75,8/6/2018 16:00,178.62
8/7/2018 16:00,347.42,8/7/2018 16:00,1862.48,8/7/2018 16:00,179.92
8/8/2018 16:00,344.43,8/8/2018 16:00,1886.52,8/8/2018 16:00,177.52
8/9/2018 16:00,384.39,8/9/2018 16:00,1898.52,8/9/2018 16:00,177.19
8/10/2018 16:00,372.35,8/10/2018 16:00,1886.3,8/10/2018 16:00,180.01
8/13/2018 16:00,358.86,8/13/2018 16:00,1896.2,8/13/2018 16:00,177.68
8/14/2018 16:00,363.51,8/14/2018 16:00,1919.65,8/14/2018 16:00,172.53
8/15/2018 16:00,344.79,8/15/2018 16:00,1882.62,8/15/2018 16:00,169.83
8/16/2018 16:00,334.8,8/16/2018 16:00,1886.52,8/16/2018 16:00,171.99
8/17/2018 16:00,324.2,8/17/2018 16:00,1882.22,8/17/2018 16:00,172.78
8/20/2018 16:00,319.75,8/20/2018 16:00,1876.71,8/20/2018 16:00,176.29
8/21/2018 16:00,328.45,8/21/2018 16:00,1883.42,8/21/2018 16:00,177.92
8/22/2018 16:00,344.93,8/22/2018 16:00,1904.9,8/22/2018 16:00,177.85
8/23/2018 16:00,348.33,8/23/2018 16:00,1902.9,8/23/2018 16:00,172.23
8/24/2018 16:00,367.54,8/24/2018 16:00,1905.39,8/24/2018 16:00,174.23
8/27/2018 16:00,374.85,8/27/2018 16:00,1927.68,8/27/2018 16:00,180.65
8/28/2018 16:00,378.18,8/28/2018 16:00,1932.82,8/28/2018 16:00,178.19
8/29/2018 16:00,377.44,8/29/2018 16:00,1998.1,8/29/2018 16:00,178.5
8/30/2018 16:00,340.15,8/30/2018 16:00,2002.38,8/30/2018 16:00,174.6
8/31/2018 16:00,342.41,8/31/2018 16:00,2012.71,8/31/2018 16:00,175.01
9/4/2018 16:00,342.27,9/4/2018 16:00,2039.51,9/4/2018 16:00,170.44
9/5/2018 16:00,328,9/5/2018 16:00,1994.82,9/5/2018 16:00,164.23
9/6/2018 16:00,320.76,9/6/2018 16:00,1958.31,9/6/2018 16:00,159.87
9/7/2018 16:00,326.5,9/7/2018 16:00,1952.07,9/7/2018 16:00,162.37
9/10/2018 16:00,319.43,9/10/2018 16:00,1939.01,9/10/2018 16:00,156.36
9/11/2018 16:00,318.73,9/11/2018 16:00,1987.15,9/11/2018 16:00,157.46
9/12/2018 16:00,316.9,9/12/2018 16:00,1990,9/12/2018 16:00,161.46
9/13/2018 16:00,320.67,9/13/2018 16:00,1989.87,9/13/2018 16:00,165.53
9/14/2018 16:00,325.04,9/14/2018 16:00,1970.19,9/14/2018 16:00,164.74
9/17/2018 16:00,322.26,9/17/2018 16:00,1908.03,9/17/2018 16:00,158.89
9/18/2018 16:00,315.08,9/18/2018 16:00,1941.05,9/18/2018 16:00,156.65
9/19/2018 16:00,315.81,9/19/2018 16:00,1926.42,9/19/2018 16:00,162.63
9/20/2018 16:00,323.08,9/20/2018 16:00,1944.3,9/20/2018 16:00,165.88
9/21/2018 16:00,319.68,9/21/2018 16:00,1915.01,9/21/2018 16:00,164.63
9/24/2018 16:00,331.38,9/24/2018 16:00,1934.36,9/24/2018 16:00,163.16
9/25/2018 16:00,319.62,9/25/2018 16:00,1974.55,9/25/2018 16:00,164.25
9/26/2018 16:00,330.75,9/26/2018 16:00,1974.85,9/26/2018 16:00,165.4
9/27/2018 16:00,340.08,9/27/2018 16:00,2012.98,9/27/2018 16:00,166.32
9/28/2018 16:00,340.47,9/28/2018 16:00,2003,9/28/2018 16:00,164.76
10/1/2018 16:00,332.49,10/1/2018 16:00,2004.36,10/1/2018 16:00,162
10/2/2018 16:00,353.9,10/2/2018 16:00,1971.31,10/2/2018 16:00,160.23
10/3/2018 16:00,354.1,10/3/2018 16:00,1952.76,10/3/2018 16:00,162.37
10/4/2018 16:00,339.46,10/4/2018 16:00,1909.42,10/4/2018 16:00,156.13
10/5/2018 16:00,335.64,10/5/2018 16:00,1889.65,10/5/2018 16:00,154.63
10/8/2018 16:00,339.5,10/8/2018 16:00,1864.42,10/8/2018 16:00,151.14
10/9/2018 16:00,340.06,10/9/2018 16:00,1870.32,10/9/2018 16:00,146.94
10/10/2018 16:00,319.07,10/10/2018 16:00,1755.25,10/10/2018 16:00,138.29
10/11/2018 16:00,304.86,10/11/2018 16:00,1719.36,10/11/2018 16:00,141.9
10/12/2018 16:00,303.42,10/12/2018 16:00,1788.61,10/12/2018 16:00,147.29
10/15/2018 16:00,294.75,10/15/2018 16:00,1760.95,10/15/2018 16:00,144.16
10/16/2018 16:00,308.6,10/16/2018 16:00,1819.96,10/16/2018 16:00,149.6
10/17/2018 16:00,313.37,10/17/2018 16:00,1831.73,10/17/2018 16:00,148.14
10/18/2018 16:00,298.76,10/18/2018 16:00,1770.72,10/18/2018 16:00,142.02
10/19/2018 16:00,301.87,10/19/2018 16:00,1764.03,10/19/2018 16:00,142.93
10/22/2018 16:00,313.56,10/22/2018 16:00,1789.3,10/22/2018 16:00,148.8
10/23/2018 16:00,306.86,10/23/2018 16:00,1768.7,10/23/2018 16:00,146.65
10/24/2018 16:00,291.4,10/24/2018 16:00,1664.2,10/24/2018 16:00,139.61
10/25/2018 16:00,297.59,10/25/2018 16:00,1782.17,10/25/2018 16:00,144.6
10/26/2018 16:00,295.37,10/26/2018 16:00,1642.81,10/26/2018 16:00,142.87
10/29/2018 16:00,287.34,10/29/2018 16:00,1538.88,10/29/2018 16:00,133.38
10/30/2018 16:00,310.41,10/30/2018 16:00,1530.42,10/30/2018 16:00,136.33
10/31/2018 16:00,324.5,10/31/2018 16:00,1598.01,10/31/2018 16:00,142.28
11/1/2018 16:00,341.65,11/1/2018 16:00,1665.53,11/1/2018 16:00,151.25
11/2/2018 16:00,354.39,11/2/2018 16:00,1665.53,11/2/2018 16:00,147.59
11/5/2018 16:00,357.62,11/5/2018 16:00,1627.8,11/5/2018 16:00,144.64
11/6/2018 16:00,336.19,11/6/2018 16:00,1642.81,11/6/2018 16:00,147.44
11/7/2018 16:00,349.56,11/7/2018 16:00,1755.49,11/7/2018 16:00,152.5
11/8/2018 16:00,331.47,11/8/2018 16:00,1754.91,11/8/2018 16:00,148.99
11/9/2018 16:00,325.69,11/9/2018 16:00,1712.43,11/9/2018 16:00,144.85
11/12/2018 16:00,322,11/12/2018 16:00,1636.85,11/12/2018 16:00,142.82
11/13/2018 16:00,327.94,11/13/2018 16:00,1631.17,11/13/2018 16:00,146.98
11/14/2018 16:00,336.86,11/14/2018 16:00,1599.01,11/14/2018 16:00,150.44
11/15/2018 16:00,340.77,11/15/2018 16:00,1619.44,11/15/2018 16:00,156.22
11/16/2018 16:00,344.61,11/16/2018 16:00,1593.41,11/16/2018 16:00,154.1
11/19/2018 16:00,335.39,11/19/2018 16:00,1512.29,11/19/2018 16:00,149.53
11/20/2018 16:00,313.79,11/20/2018 16:00,1495.46,11/20/2018 16:00,145.98
11/21/2018 16:00,319,11/21/2018 16:00,1516.73,11/21/2018 16:00,149.41
11/23/2018 13:00,309.82,11/23/2018 13:00,1502.06,11/23/2018 13:00,150.33
11/26/2018 16:00,322.18,11/26/2018 16:00,1581.33,11/26/2018 16:00,156.01
11/27/2018 16:00,331.72,11/27/2018 16:00,1581.42,11/27/2018 16:00,156.46
11/28/2018 16:00,345.78,11/28/2018 16:00,1677.75,11/28/2018 16:00,159.34
11/29/2018 16:00,357.99,11/29/2018 16:00,1673.57,11/29/2018 16:00,156.28
11/30/2018 16:00,351.97,11/30/2018 16:00,1690.17,11/30/2018 16:00,160.86
12/3/2018 16:00,369.51,12/3/2018 16:00,1772.36,12/3/2018 16:00,163.74
12/4/2018 16:00,354.85,12/4/2018 16:00,1668.4,12/4/2018 16:00,158.34
12/6/2018 16:00,350.56,12/6/2018 16:00,1699.19,12/6/2018 16:00,155.83
12/7/2018 16:00,346.56,12/7/2018 16:00,1629.13,12/7/2018 16:00,153.06
12/10/2018 16:00,353.52,12/10/2018 16:00,1641.03,12/10/2018 16:00,151.43
12/11/2018 16:00,355.24,12/11/2018 16:00,1643.24,12/11/2018 16:00,151.83
12/12/2018 16:00,361.36,12/12/2018 16:00,1663.54,12/12/2018 16:00,151.5
12/13/2018 16:00,333.51,12/13/2018 16:00,1658.38,12/13/2018 16:00,151.48
12/14/2018 16:00,326.52,12/14/2018 16:00,1591.91,12/14/2018 16:00,149
12/17/2018 16:00,310.49,12/17/2018 16:00,1520.91,12/17/2018 16:00,143.98
12/18/2018 16:00,310.83,12/18/2018 16:00,1551.48,12/18/2018 16:00,140.82
12/19/2018 16:00,312.39,12/19/2018 16:00,1495.08,12/19/2018 16:00,137.14
12/20/2018 16:00,306.4,12/20/2018 16:00,1460.83,12/20/2018 16:00,135.11
12/21/2018 16:00,286.56,12/21/2018 16:00,1377.45,12/21/2018 16:00,132
12/24/2018 13:00,257.52,12/24/2018 13:00,1343.96,12/24/2018 13:00,131.89
12/26/2018 16:00,281.81,12/26/2018 16:00,1470.9,12/26/2018 16:00,138
12/27/2018 16:00,289.1,12/27/2018 16:00,1461.64,12/27/2018 16:00,138.45
12/28/2018 16:00,292.09,12/28/2018 16:00,1478.02,12/28/2018 16:00,139.09
12/31/2018 16:00,292.85,12/31/2018 16:00,1501.97,12/31/2018 16:00,137.07
1/2/2019 16:00,298.01,1/2/2019 16:00,1539.13,1/2/2019 16:00,136.7
1/3/2019 16:00,296.59,1/3/2019 16:00,1500.28,1/3/2019 16:00,130.6
1/4/2019 16:00,315.33,1/4/2019 16:00,1575.39,1/4/2019 16:00,139.75
1/7/2019 16:00,328.94,1/7/2019 16:00,1629.51,1/7/2019 16:00,143.1
1/8/2019 16:00,328.49,1/8/2019 16:00,1656.58,1/8/2019 16:00,146.79
1/9/2019 16:00,339.96,1/9/2019 16:00,1659.42,1/9/2019 16:00,151.92
1/10/2019 16:00,339.59,1/10/2019 16:00,1656.22,1/10/2019 16:00,151.69
1/11/2019 16:00,344.95,1/11/2019 16:00,1640.56,1/11/2019 16:00,151.32
1/14/2019 16:00,339.77,1/14/2019 16:00,1617.21,1/14/2019 16:00,149.27
1/15/2019 16:00,350.1,1/15/2019 16:00,1674.56,1/15/2019 16:00,150.88
1/16/2019 16:00,344.92,1/16/2019 16:00,1683.78,1/16/2019 16:00,154.84
1/17/2019 16:00,342.23,1/17/2019 16:00,1693.22,1/17/2019 16:00,155.97
1/18/2019 16:00,350.66,1/18/2019 16:00,1696.2,1/18/2019 16:00,157.02
1/22/2019 16:00,330.86,1/22/2019 16:00,1632.17,1/22/2019 16:00,152.15
1/23/2019 16:00,328.88,1/23/2019 16:00,1640.02,1/23/2019 16:00,152.03
1/24/2019 16:00,339.15,1/24/2019 16:00,1654.93,1/24/2019 16:00,155.86
1/25/2019 16:00,342.88,1/25/2019 16:00,1670.57,1/25/2019 16:00,159.21
1/28/2019 16:00,355,1/28/2019 16:00,1637.89,1/28/2019 16:00,158.92
1/29/2019 16:00,351.23,1/29/2019 16:00,1593.88,1/29/2019 16:00,156.88
1/30/2019 16:00,362.02,1/30/2019 16:00,1670.43,1/30/2019 16:00,166.82
1/31/2019 16:00,364,1/31/2019 16:00,1718.73,1/31/2019 16:00,168.49
2/1/2019 16:00,364.66,2/1/2019 16:00,1626.23,2/1/2019 16:00,167.97
2/4/2019 16:00,368.08,2/4/2019 16:00,1633.31,2/4/2019 16:00,166.7
2/5/2019 16:00,363.25,2/5/2019 16:00,1658.81,2/5/2019 16:00,171.83
2/6/2019 16:00,358.92,2/6/2019 16:00,1640.26,2/6/2019 16:00,171.52
2/7/2019 16:00,358.2,2/7/2019 16:00,1614.37,2/7/2019 16:00,166.96
2/8/2019 16:00,347.82,2/8/2019 16:00,1588.22,2/8/2019 16:00,167.36
2/11/2019 16:00,350.83,2/11/2019 16:00,1591,2/11/2019 16:00,167.45
2/12/2019 16:00,364,2/12/2019 16:00,1638.01,2/12/2019 16:00,168.71
2/13/2019 16:00,360.57,2/13/2019 16:00,1640,2/13/2019 16:00,169.4
2/14/2019 16:00,359.84,2/14/2019 16:00,1622.65,2/14/2019 16:00,168.38
2/15/2019 16:00,363.1,2/15/2019 16:00,1607.95,2/15/2019 16:00,166.15
2/19/2019 16:00,367.21,2/19/2019 16:00,1627.58,2/19/2019 16:00,170.18
2/20/2019 16:00,368.34,2/20/2019 16:00,1622.1,2/20/2019 16:00,170.71
2/21/2019 16:00,364.98,2/21/2019 16:00,1619.44,2/21/2019 16:00,171.66
2/22/2019 16:00,374.06,2/22/2019 16:00,1631.56,2/22/2019 16:00,176.92
2/25/2019 16:00,375.09,2/25/2019 16:00,1633,2/25/2019 16:00,183.25
2/26/2019 16:00,369.49,2/26/2019 16:00,1636.4,2/26/2019 16:00,183.54
2/27/2019 16:00,446.68,2/27/2019 16:00,1641.09,2/27/2019 16:00,184.58
2/28/2019 16:00,458.79,2/28/2019 16:00,1639.83,2/28/2019 16:00,183.03
3/1/2019 16:00,451.64,3/1/2019 16:00,1671.73,3/1/2019 16:00,183.88
3/4/2019 16:00,463.8,3/4/2019 16:00,1696.17,3/4/2019 16:00,187.25
3/5/2019 16:00,467.77,3/5/2019 16:00,1692.43,3/5/2019 16:00,185
3/6/2019 16:00,461.53,3/6/2019 16:00,1668.95,3/6/2019 16:00,184.17
3/7/2019 16:00,451.15,3/7/2019 16:00,1625.95,3/7/2019 16:00,177.32
3/8/2019 16:00,449.59,3/8/2019 16:00,1620.8,3/8/2019 16:00,175.03
3/11/2019 16:00,481.11,3/11/2019 16:00,1670.62,3/11/2019 16:00,180.41
3/12/2019 16:00,483.48,3/12/2019 16:00,1673.1,3/12/2019 16:00,180.63
3/13/2019 16:00,507.93,3/13/2019 16:00,1690.81,3/13/2019 16:00,180.7
3/14/2019 16:00,493.79,3/14/2019 16:00,1686.22,3/14/2019 16:00,180.36
3/15/2019 16:00,488.73,3/15/2019 16:00,1712.36,3/15/2019 16:00,180.97
3/18/2019 16:00,484.97,3/18/2019 16:00,1742.15,3/18/2019 16:00,181.83
3/19/2019 16:00,482.36,3/19/2019 16:00,1761.85,3/19/2019 16:00,182.14
3/20/2019 16:00,497.95,3/20/2019 16:00,1797.27,3/20/2019 16:00,181.28
3/21/2019 16:00,504.48,3/21/2019 16:00,1819.26,3/21/2019 16:00,181.5
3/22/2019 16:00,497.37,3/22/2019 16:00,1764.77,3/22/2019 16:00,176.26
3/25/2019 16:00,491.3,3/25/2019 16:00,1774.26,3/25/2019 16:00,178.77
3/26/2019 16:00,493.9,3/26/2019 16:00,1783.76,3/26/2019 16:00,178.08
3/27/2019 16:00,484.94,3/27/2019 16:00,1765.7,3/27/2019 16:00,177.03
3/28/2019 16:00,497.15,3/28/2019 16:00,1773.42,3/28/2019 16:00,177.73
3/29/2019 16:00,507.73,3/29/2019 16:00,1780.75,3/29/2019 16:00,182.45
4/1/2019 16:00,518.11,4/1/2019 16:00,1814.19,4/1/2019 16:00,180.89
4/2/2019 16:00,509.99,4/2/2019 16:00,1813.98,4/2/2019 16:00,181.74
4/3/2019 16:00,508.58,4/3/2019 16:00,1820.7,4/3/2019 16:00,178.32
4/4/2019 16:00,501.48,4/4/2019 16:00,1818.86,4/4/2019 16:00,181.07
4/5/2019 16:00,502.85,4/5/2019 16:00,1837.28,4/5/2019 16:00,185.35
4/8/2019 16:00,506.5,4/8/2019 16:00,1849.86,4/8/2019 16:00,186.5
4/9/2019 16:00,505.18,4/9/2019 16:00,1835.84,4/9/2019 16:00,187.19
4/10/2019 16:00,514.34,4/10/2019 16:00,1847.33,4/10/2019 16:00,186.19
4/11/2019 16:00,503.73,4/11/2019 16:00,1844.07,4/11/2019 16:00,184.98
4/12/2019 16:00,504.52,4/12/2019 16:00,1843.06,4/12/2019 16:00,188.91
4/15/2019 16:00,513.68,4/15/2019 16:00,1844.87,4/15/2019 16:00,183.07
4/16/2019 16:00,501.96,4/16/2019 16:00,1863.04,4/16/2019 16:00,185.78
4/17/2019 16:00,498.38,4/17/2019 16:00,1864.82,4/17/2019 16:00,187.55
4/18/2019 16:00,492,4/18/2019 16:00,1861.69,4/18/2019 16:00,186.94
4/22/2019 16:00,490.77,4/22/2019 16:00,1887.31,4/22/2019 16:00,185.38
4/23/2019 16:00,500,4/23/2019 16:00,1923.77,4/23/2019 16:00,187.29
4/24/2019 16:00,486.01,4/24/2019 16:00,1901.75,4/24/2019 16:00,185.67
4/25/2019 16:00,487.57,4/25/2019 16:00,1902.25,4/25/2019 16:00,187.88
4/26/2019 16:00,489.52,4/26/2019 16:00,1950.63,4/26/2019 16:00,187.09
4/29/2019 16:00,494.16,4/29/2019 16:00,1938.43,4/29/2019 16:00,186.94
4/30/2019 16:00,484.14,4/30/2019 16:00,1926.52,4/30/2019 16:00,185.57
5/1/2019 16:00,484.73,5/1/2019 16:00,1911.52,5/1/2019 16:00,189.31
5/2/2019 16:00,482.35,5/2/2019 16:00,1900.82,5/2/2019 16:00,190.39
5/3/2019 16:00,578.94,5/3/2019 16:00,1962.46,5/3/2019 16:00,195.21
5/6/2019 16:00,567.69,5/6/2019 16:00,1950.55,5/6/2019 16:00,188.24
5/7/2019 16:00,539.41,5/7/2019 16:00,1921,5/7/2019 16:00,181.43
5/8/2019 16:00,536.06,5/8/2019 16:00,1917.77,5/8/2019 16:00,179.59
5/9/2019 16:00,542.64,5/9/2019 16:00,1899.87,5/9/2019 16:00,179.04
5/10/2019 16:00,557.84,5/10/2019 16:00,1889.98,5/10/2019 16:00,178
5/13/2019 16:00,543.03,5/13/2019 16:00,1822.68,5/13/2019 16:00,170.01
5/14/2019 16:00,562.69,5/14/2019 16:00,1840.12,5/14/2019 16:00,174.84
5/15/2019 16:00,572.93,5/15/2019 16:00,1871.15,5/15/2019 16:00,177.6
5/16/2019 16:00,595.73,5/16/2019 16:00,1907.57,5/16/2019 16:00,175.57
5/17/2019 16:00,574.57,5/17/2019 16:00,1869,5/17/2019 16:00,169.57
5/20/2019 16:00,574.09,5/20/2019 16:00,1858.97,5/20/2019 16:00,160.65
5/21/2019 16:00,572.95,5/21/2019 16:00,1857.52,5/21/2019 16:00,163.43
5/22/2019 16:00,569.49,5/22/2019 16:00,1859.68,5/22/2019 16:00,158.83
5/23/2019 16:00,580.67,5/23/2019 16:00,1815.48,5/23/2019 16:00,156
5/24/2019 16:00,592.55,5/24/2019 16:00,1823.28,5/24/2019 16:00,155
5/28/2019 16:00,600.58,5/28/2019 16:00,1836.43,5/28/2019 16:00,154.81
5/29/2019 16:00,573.61,5/29/2019 16:00,1819.19,5/29/2019 16:00,152.48
5/30/2019 16:00,578.29,5/30/2019 16:00,1816.32,5/30/2019 16:00,151.07
5/31/2019 16:00,570.52,5/31/2019 16:00,1775.07,5/31/2019 16:00,149.26
6/3/2019 16:00,568.77,6/3/2019 16:00,1692.69,6/3/2019 16:00,149.91
6/4/2019 16:00,551.71,6/4/2019 16:00,1729.56,6/4/2019 16:00,154.15
6/5/2019 16:00,569.15,6/5/2019 16:00,1738.5,6/5/2019 16:00,151.65
6/6/2019 16:00,581.69,6/6/2019 16:00,1754.36,6/6/2019 16:00,151.5
6/7/2019 16:00,604.49,6/7/2019 16:00,1804.03,6/7/2019 16:00,154.23
6/10/2019 16:00,616.46,6/10/2019 16:00,1860.63,6/10/2019 16:00,159.85
6/11/2019 16:00,613.3,6/11/2019 16:00,1863.7,6/11/2019 16:00,162.65
6/12/2019 16:00,623.41,6/12/2019 16:00,1855.32,6/12/2019 16:00,160.04
6/13/2019 16:00,635.59,6/13/2019 16:00,1870.3,6/13/2019 16:00,160.33
6/14/2019 16:00,616,6/14/2019 16:00,1869.67,6/14/2019 16:00,158.1
6/17/2019 16:00,618.85,6/17/2019 16:00,1886.03,6/17/2019 16:00,159.91
6/18/2019 16:00,622.75,6/18/2019 16:00,1901.37,6/18/2019 16:00,165.51
6/19/2019 16:00,641.39,6/19/2019 16:00,1908.79,6/19/2019 16:00,165.46
6/20/2019 16:00,636.44,6/20/2019 16:00,1918.19,6/20/2019 16:00,168.25
6/21/2019 16:00,630.65,6/21/2019 16:00,1911.3,6/21/2019 16:00,167.55
6/24/2019 16:00,621.8,6/24/2019 16:00,1913.9,6/24/2019 16:00,168.1
6/25/2019 16:00,614.54,6/25/2019 16:00,1878.27,6/25/2019 16:00,165.8
6/26/2019 16:00,609.22,6/26/2019 16:00,1897.83,6/26/2019 16:00,168.99
6/27/2019 16:00,610.67,6/27/2019 16:00,1904.28,6/27/2019 16:00,170.9
6/28/2019 16:00,611.77,6/28/2019 16:00,1893.63,6/28/2019 16:00,169.45
7/1/2019 16:00,619.31,7/1/2019 16:00,1922.19,7/1/2019 16:00,175.05
7/2/2019 16:00,626.98,7/2/2019 16:00,1934.31,7/2/2019 16:00,175.45
7/3/2019 13:00,633.52,7/3/2019 13:00,1939,7/3/2019 13:00,174.67
7/5/2019 16:00,638.18,7/5/2019 16:00,1942.91,7/5/2019 16:00,173.3
7/8/2019 16:00,629.97,7/8/2019 16:00,1952.32,7/8/2019 16:00,168.45
7/9/2019 16:00,640.56,7/9/2019 16:00,1988.3,7/9/2019 16:00,168.8
7/10/2019 16:00,633.33,7/10/2019 16:00,2017.41,7/10/2019 16:00,166.93
7/11/2019 16:00,634.29,7/11/2019 16:00,2001.07,7/11/2019 16:00,166.55
7/12/2019 16:00,644.79,7/12/2019 16:00,2011,7/12/2019 16:00,169.07
7/15/2019 16:00,645.11,7/15/2019 16:00,2020.99,7/15/2019 16:00,173.5
7/16/2019 16:00,633.95,7/16/2019 16:00,2009.9,7/16/2019 16:00,174.19
7/17/2019 16:00,631.73,7/17/2019 16:00,1992.03,7/17/2019 16:00,174.82
7/18/2019 16:00,648.67,7/18/2019 16:00,1977.9,7/18/2019 16:00,172.8
7/19/2019 16:00,626.7,7/19/2019 16:00,1964.52,7/19/2019 16:00,172.99
7/22/2019 16:00,636.51,7/22/2019 16:00,1985.63,7/22/2019 16:00,174
7/23/2019 16:00,634.83,7/23/2019 16:00,1994.49,7/23/2019 16:00,178.09
7/24/2019 16:00,660,7/24/2019 16:00,2000.81,7/24/2019 16:00,178.67
7/25/2019 16:00,652.5,7/25/2019 16:00,1973.82,7/25/2019 16:00,177.29
7/26/2019 16:00,654.71,7/26/2019 16:00,1943.05,7/26/2019 16:00,178.74
7/29/2019 16:00,653.39,7/29/2019 16:00,1912.45,7/29/2019 16:00,177.02
7/30/2019 16:00,633.78,7/30/2019 16:00,1898.53,7/30/2019 16:00,174.1
7/31/2019 16:00,621.42,7/31/2019 16:00,1866.78,7/31/2019 16:00,173.11
8/1/2019 16:00,626.45,8/1/2019 16:00,1855.32,8/1/2019 16:00,165.65
8/2/2019 16:00,614.71,8/2/2019 16:00,1823.24,8/2/2019 16:00,161
8/5/2019 16:00,574.25,8/5/2019 16:00,1765.13,8/5/2019 16:00,153.67
8/6/2019 16:00,601.04,8/6/2019 16:00,1787.83,8/6/2019 16:00,157.43
8/7/2019 16:00,613.54,8/7/2019 16:00,1793.4,8/7/2019 16:00,159.17
8/8/2019 16:00,688.1,8/8/2019 16:00,1832.89,8/8/2019 16:00,162.22
8/9/2019 16:00,690.1,8/9/2019 16:00,1807.58,8/9/2019 16:00,159.12
8/12/2019 16:00,623.65,8/12/2019 16:00,1784.92,8/12/2019 16:00,159.31
8/13/2019 16:00,637.57,8/13/2019 16:00,1824.34,8/13/2019 16:00,164.03
8/14/2019 16:00,620,8/14/2019 16:00,1762.96,8/14/2019 16:00,162.06
8/15/2019 16:00,613.25,8/15/2019 16:00,1776.12,8/15/2019 16:00,166.97
8/16/2019 16:00,624.53,8/16/2019 16:00,1792.57,8/16/2019 16:00,174.6
8/19/2019 16:00,603.35,8/19/2019 16:00,1816.12,8/19/2019 16:00,178.28
8/20/2019 16:00,612.3,8/20/2019 16:00,1801.38,8/20/2019 16:00,177.21
8/21/2019 16:00,629.83,8/21/2019 16:00,1823.54,8/21/2019 16:00,175.24
8/22/2019 16:00,619.4,8/22/2019 16:00,1805.6,8/22/2019 16:00,171.91
8/23/2019 16:00,598.18,8/23/2019 16:00,1749.62,8/23/2019 16:00,164.54
8/26/2019 16:00,602.62,8/26/2019 16:00,1768.87,8/26/2019 16:00,165.9
8/27/2019 16:00,594.13,8/27/2019 16:00,1761.83,8/27/2019 16:00,166.2
8/28/2019 16:00,588.15,8/28/2019 16:00,1764.25,8/28/2019 16:00,167.48
8/29/2019 16:00,593.49,8/29/2019 16:00,1786.4,8/29/2019 16:00,172.81
8/30/2019 16:00,594.6,8/30/2019 16:00,1776.29,8/30/2019 16:00,175.03
9/3/2019 16:00,581,9/3/2019 16:00,1789.84,9/3/2019 16:00,172.41
9/4/2019 16:00,590,9/4/2019 16:00,1800.62,9/4/2019 16:00,174.33
9/5/2019 16:00,605.69,9/5/2019 16:00,1840.72,9/5/2019 16:00,178.94
9/6/2019 16:00,597.79,9/6/2019 16:00,1833.51,9/6/2019 16:00,176.69
9/9/2019 16:00,571.13,9/9/2019 16:00,1831.35,9/9/2019 16:00,177.78
9/10/2019 16:00,549.17,9/10/2019 16:00,1820.55,9/10/2019 16:00,174.99
9/11/2019 16:00,560.88,9/11/2019 16:00,1822.99,9/11/2019 16:00,176.09
9/12/2019 16:00,571.73,9/12/2019 16:00,1843.55,9/12/2019 16:00,178.24
9/13/2019 16:00,566.83,9/13/2019 16:00,1839.34,9/13/2019 16:00,179.17
9/16/2019 16:00,554.05,9/16/2019 16:00,1807.84,9/16/2019 16:00,177.07
9/17/2019 16:00,549.98,9/17/2019 16:00,1822.55,9/17/2019 16:00,179
9/18/2019 16:00,542.52,9/18/2019 16:00,1817.46,9/18/2019 16:00,180
9/19/2019 16:00,549.31,9/19/2019 16:00,1821.5,9/19/2019 16:00,180.46
9/20/2019 16:00,547.97,9/20/2019 16:00,1794.16,9/20/2019 16:00,182.51
9/23/2019 16:00,540.09,9/23/2019 16:00,1785.3,9/23/2019 16:00,176.98
9/24/2019 16:00,537.29,9/24/2019 16:00,1741.61,9/24/2019 16:00,171.55
9/25/2019 16:00,551.87,9/25/2019 16:00,1768.33,9/25/2019 16:00,176.66
9/26/2019 16:00,549.86,9/26/2019 16:00,1739.84,9/26/2019 16:00,175
9/27/2019 16:00,541.52,9/27/2019 16:00,1725.45,9/27/2019 16:00,165.98
9/30/2019 16:00,551.23,9/30/2019 16:00,1735.91,9/30/2019 16:00,167.23
10/1/2019 16:00,550.43,10/1/2019 16:00,1735.65,10/1/2019 16:00,165.15
10/2/2019 16:00,544.09,10/2/2019 16:00,1713.23,10/2/2019 16:00,165.77
10/3/2019 16:00,558.19,10/3/2019 16:00,1724.42,10/3/2019 16:00,169.48
10/4/2019 16:00,559.22,10/4/2019 16:00,1739.65,10/4/2019 16:00,170.34
10/7/2019 16:00,548.87,10/7/2019 16:00,1732.66,10/7/2019 16:00,168.32
10/8/2019 16:00,525.63,10/8/2019 16:00,1705.51,10/8/2019 16:00,161.93
10/9/2019 16:00,532.03,10/9/2019 16:00,1721.99,10/9/2019 16:00,165.19
10/10/2019 16:00,542.41,10/10/2019 16:00,1720.26,10/10/2019 16:00,166.07
10/11/2019 16:00,554.21,10/11/2019 16:00,1731.92,10/11/2019 16:00,172.94
10/14/2019 16:00,555.58,10/14/2019 16:00,1736.43,10/14/2019 16:00,171.16
10/15/2019 16:00,566.55,10/15/2019 16:00,1767.38,10/15/2019 16:00,175.29
10/16/2019 16:00,548.98,10/16/2019 16:00,1777.43,10/16/2019 16:00,177.12
10/17/2019 16:00,549.25,10/17/2019 16:00,1787.48,10/17/2019 16:00,176.85
10/18/2019 16:00,536.27,10/18/2019 16:00,1757.51,10/18/2019 16:00,169.13
10/21/2019 16:00,545.38,10/21/2019 16:00,1785.66,10/21/2019 16:00,173.52
10/22/2019 16:00,536.89,10/22/2019 16:00,1765.73,10/22/2019 16:00,169.89
10/23/2019 16:00,541.41,10/23/2019 16:00,1762.17,10/23/2019 16:00,169.92
10/24/2019 16:00,551.62,10/24/2019 16:00,1780.78,10/24/2019 16:00,172.55
10/25/2019 16:00,549.81,10/25/2019 16:00,1761.33,10/25/2019 16:00,174.31
10/28/2019 16:00,540.03,10/28/2019 16:00,1777.08,10/28/2019 16:00,178.68
10/29/2019 16:00,542.01,10/29/2019 16:00,1762.71,10/29/2019 16:00,176.89
10/30/2019 16:00,551.05,10/30/2019 16:00,1779.99,10/30/2019 16:00,177.53
10/31/2019 16:00,521.52,10/31/2019 16:00,1776.66,10/31/2019 16:00,176.67
11/1/2019 16:00,490,11/1/2019 16:00,1791.44,11/1/2019 16:00,176.46
11/4/2019 16:00,485.79,11/4/2019 16:00,1804.66,11/4/2019 16:00,179.69
11/5/2019 16:00,485.06,11/5/2019 16:00,1801.71,11/5/2019 16:00,182
11/6/2019 16:00,482.95,11/6/2019 16:00,1795.77,11/6/2019 16:00,184.16
11/7/2019 16:00,482.95,11/7/2019 16:00,1788.2,11/7/2019 16:00,184.16
11/8/2019 16:00,494.42,11/8/2019 16:00,1785.88,11/8/2019 16:00,187.16
11/11/2019 16:00,497.62,11/11/2019 16:00,1771.65,11/11/2019 16:00,186.71
11/12/2019 16:00,499.5,11/12/2019 16:00,1778,11/12/2019 16:00,186.97
11/13/2019 16:00,513.73,11/13/2019 16:00,1753.11,11/13/2019 16:00,182.48
11/14/2019 16:00,536.54,11/14/2019 16:00,1754.6,11/14/2019 16:00,182.8
11/15/2019 16:00,550.1,11/15/2019 16:00,1739.49,11/15/2019 16:00,185.49
11/18/2019 16:00,533.01,11/18/2019 16:00,1752.53,11/18/2019 16:00,184.61
11/19/2019 16:00,536.33,11/19/2019 16:00,1752.79,11/19/2019 16:00,185.25
11/20/2019 16:00,547.85,11/20/2019 16:00,1745.53,11/20/2019 16:00,182.35
11/21/2019 16:00,562,11/21/2019 16:00,1734.71,11/21/2019 16:00,184.86
11/22/2019 16:00,565.5,11/22/2019 16:00,1745.72,11/22/2019 16:00,186.78
11/25/2019 16:00,585,11/25/2019 16:00,1773.84,11/25/2019 16:00,190.45
11/26/2019 16:00,583.15,11/26/2019 16:00,1796.94,11/26/2019 16:00,194.7
11/27/2019 16:00,589.4,11/27/2019 16:00,1818.51,11/27/2019 16:00,200.82
11/29/2019 13:00,580.58,11/29/2019 13:00,1800.8,11/29/2019 13:00,200
12/2/2019 16:00,580,12/2/2019 16:00,1781.6,12/2/2019 16:00,196.31
12/3/2019 16:00,575.24,12/3/2019 16:00,1769.96,12/3/2019 16:00,194.9
12/4/2019 16:00,575.24,12/4/2019 16:00,1760.69,12/4/2019 16:00,193.74
12/5/2019 16:00,578.52,12/5/2019 16:00,1740.48,12/5/2019 16:00,200
12/6/2019 16:00,583,12/6/2019 16:00,1751.6,12/6/2019 16:00,201.89
12/9/2019 16:00,584.56,12/9/2019 16:00,1749.51,12/9/2019 16:00,198.74
12/10/2019 16:00,586.69,12/10/2019 16:00,1739.21,12/10/2019 16:00,200.45
12/11/2019 16:00,580.31,12/11/2019 16:00,1748.72,12/11/2019 16:00,204.64
12/12/2019 16:00,579.98,12/12/2019 16:00,1760.33,12/12/2019 16:00,204.5
12/13/2019 16:00,567.67,12/13/2019 16:00,1760.94,12/13/2019 16:00,204.91
12/16/2019 16:00,582.18,12/16/2019 16:00,1769.21,12/16/2019 16:00,206.97
12/17/2019 16:00,585.84,12/17/2019 16:00,1790.66,12/17/2019 16:00,208.18
12/18/2019 16:00,582,12/18/2019 16:00,1784.03,12/18/2019 16:00,210
12/19/2019 16:00,582.55,12/19/2019 16:00,1792.28,12/19/2019 16:00,210.13
12/20/2019 16:00,592.54,12/20/2019 16:00,1786.5,12/20/2019 16:00,212.25
12/23/2019 16:00,594.15,12/23/2019 16:00,1793,12/23/2019 16:00,214.83
12/24/2019 13:00,594.53,12/24/2019 13:00,1789.21,12/24/2019 13:00,214.26
12/26/2019 16:00,597.24,12/26/2019 16:00,1868.77,12/26/2019 16:00,216.38
12/27/2019 16:00,599.24,12/27/2019 16:00,1869.8,12/27/2019 16:00,215.47
12/30/2019 16:00,583.85,12/30/2019 16:00,1846.89,12/30/2019 16:00,212.91
12/31/2019 16:00,571.94,12/31/2019 16:00,1847.84,12/31/2019 16:00,212.1
1/2/2020 16:00,610.19,1/2/2020 16:00,1898.01,1/2/2020 16:00,219.77
1/3/2020 16:00,607.8,1/3/2020 16:00,1874.97,1/3/2020 16:00,217
1/6/2020 16:00,606.55,1/6/2020 16:00,1902.88,1/6/2020 16:00,216.64
1/7/2020 16:00,625,1/7/2020 16:00,1906.86,1/7/2020 16:00,217.63
1/8/2020 16:00,633.44,1/8/2020 16:00,1891.97,1/8/2020 16:00,218
1/9/2020 16:00,646.43,1/9/2020 16:00,1901.05,1/9/2020 16:00,221.78
1/10/2020 16:00,669.48,1/10/2020 16:00,1883.16,1/10/2020 16:00,223.83
1/13/2020 16:00,691.1,1/13/2020 16:00,1891.3,1/13/2020 16:00,230.48
1/14/2020 16:00,652.07,1/14/2020 16:00,1869.44,1/14/2020 16:00,226.49
1/15/2020 16:00,659.98,1/15/2020 16:00,1862.02,1/15/2020 16:00,225.06
1/16/2020 16:00,666.46,1/16/2020 16:00,1877.94,1/16/2020 16:00,223.94
1/17/2020 16:00,673.01,1/17/2020 16:00,1864.72,1/17/2020 16:00,227.43
1/21/2020 16:00,658.46,1/21/2020 16:00,1892,1/21/2020 16:00,222.26
1/22/2020 16:00,663.15,1/22/2020 16:00,1887.46,1/22/2020 16:00,222.37
1/23/2020 16:00,663.33,1/23/2020 16:00,1884.58,1/23/2020 16:00,219.13
1/24/2020 16:00,660.58,1/24/2020 16:00,1861.64,1/24/2020 16:00,213.75
1/27/2020 16:00,653.86,1/27/2020 16:00,1828.34,1/27/2020 16:00,205.47
1/28/2020 16:00,674.72,1/28/2020 16:00,1853.25,1/28/2020 16:00,210.23
1/29/2020 16:00,668.61,1/29/2020 16:00,1858,1/29/2020 16:00,212.02
1/30/2020 16:00,671.08,1/30/2020 16:00,1870.68,1/30/2020 16:00,208.58
1/31/2020 16:00,663,1/31/2020 16:00,2008.72,1/31/2020 16:00,206.59
2/3/2020 16:00,677.98,2/3/2020 16:00,2004.2,2/3/2020 16:00,213.1
2/4/2020 16:00,709.86,2/4/2020 16:00,2049.67,2/4/2020 16:00,222.88
2/5/2020 16:00,675.84,2/5/2020 16:00,2039.87,2/5/2020 16:00,220.22
2/6/2020 16:00,671,2/6/2020 16:00,2050.23,2/6/2020 16:00,220.9
2/7/2020 16:00,646.02,2/7/2020 16:00,2079.28,2/7/2020 16:00,216.53
2/10/2020 16:00,658.23,2/10/2020 16:00,2133.91,2/10/2020 16:00,215.77
2/11/2020 16:00,651.62,2/11/2020 16:00,2150.8,2/11/2020 16:00,217.21
2/12/2020 16:00,699.82,2/12/2020 16:00,2160,2/12/2020 16:00,224.31
2/13/2020 16:00,718.53,2/13/2020 16:00,2149.87,2/13/2020 16:00,220.36
2/14/2020 16:00,735.01,2/14/2020 16:00,2134.87,2/14/2020 16:00,219.63
2/18/2020 16:00,728.45,2/18/2020 16:00,2155.67,2/18/2020 16:00,220.52
2/19/2020 16:00,742.74,2/19/2020 16:00,2170.22,2/19/2020 16:00,222.14
2/20/2020 16:00,742.59,2/20/2020 16:00,2153.1,2/20/2020 16:00,218.04
2/21/2020 16:00,735.6,2/21/2020 16:00,2095.97,2/21/2020 16:00,212.59
2/24/2020 16:00,673.46,2/24/2020 16:00,2009.29,2/24/2020 16:00,206.16
2/25/2020 16:00,630,2/25/2020 16:00,1972.74,2/25/2020 16:00,205.61
2/26/2020 16:00,632.05,2/26/2020 16:00,1979.59,2/26/2020 16:00,208.74
2/27/2020 16:00,600,2/27/2020 16:00,1884.3,2/27/2020 16:00,205.03
2/28/2020 16:00,616.03,2/28/2020 16:00,1883.75,2/28/2020 16:00,208
3/2/2020 16:00,642.11,3/2/2020 16:00,1953.95,3/2/2020 16:00,210.98
3/3/2020 16:00,624.73,3/3/2020 16:00,1908.99,3/3/2020 16:00,207.41
3/4/2020 16:00,653.63,3/4/2020 16:00,1975.83,3/4/2020 16:00,211.96
3/5/2020 16:00,627.88,3/5/2020 16:00,1924.03,3/5/2020 16:00,211.46
3/6/2020 16:00,614.51,3/6/2020 16:00,1901.09,3/6/2020 16:00,204.64
3/9/2020 16:00,539.64,3/9/2020 16:00,1800.61,3/9/2020 16:00,197.66
3/10/2020 16:00,599.07,3/10/2020 16:00,1891.82,3/10/2020 16:00,206.39
3/11/2020 16:00,550.72,3/11/2020 16:00,1820.86,3/11/2020 16:00,198.91
3/12/2020 16:00,502,3/12/2020 16:00,1676.61,3/12/2020 16:00,185.1
3/13/2020 16:00,535.69,3/13/2020 16:00,1785,3/13/2020 16:00,194
3/16/2020 16:00,467.32,3/16/2020 16:00,1689.15,3/16/2020 16:00,178.85
3/17/2020 16:00,490.69,3/17/2020 16:00,1807.84,3/17/2020 16:00,184.81
3/18/2020 16:00,452.17,3/18/2020 16:00,1830,3/18/2020 16:00,180
3/19/2020 16:00,463.53,3/19/2020 16:00,1880.93,3/19/2020 16:00,180.88
3/20/2020 16:00,452.88,3/20/2020 16:00,1846.09,3/20/2020 16:00,181.3
3/23/2020 16:00,457.65,3/23/2020 16:00,1902.83,3/23/2020 16:00,176.34
3/24/2020 16:00,490,3/24/2020 16:00,1940.1,3/24/2020 16:00,185.75
3/25/2020 16:00,482.65,3/25/2020 16:00,1885.84,3/25/2020 16:00,188.56
3/26/2020 16:00,489.56,3/26/2020 16:00,1955.49,3/26/2020 16:00,195.32
3/27/2020 16:00,471.43,3/27/2020 16:00,1900.1,3/27/2020 16:00,188.59
3/30/2020 16:00,473.29,3/30/2020 16:00,1963.95,3/30/2020 16:00,191.27
3/31/2020 16:00,488.58,3/31/2020 16:00,1949.72,3/31/2020 16:00,194.48
4/1/2020 16:00,447.34,4/1/2020 16:00,1907.7,4/1/2020 16:00,187.56
4/2/2020 16:00,462.87,4/2/2020 16:00,1918.83,4/2/2020 16:00,188.9
4/3/2020 16:00,454.47,4/3/2020 16:00,1906.59,4/3/2020 16:00,187.11
4/6/2020 16:00,506.16,4/6/2020 16:00,1997.59,4/6/2020 16:00,196.45
4/7/2020 16:00,525.67,4/7/2020 16:00,2011.6,4/7/2020 16:00,198
4/8/2020 16:00,544,4/8/2020 16:00,2043,4/8/2020 16:00,195.98
4/9/2020 16:00,533.28,4/9/2020 16:00,2042.76,4/9/2020 16:00,196.37
4/13/2020 16:00,543,4/13/2020 16:00,2168.87,4/13/2020 16:00,199.44
4/14/2020 16:00,562.02,4/14/2020 16:00,2283.32,4/14/2020 16:00,204.78
4/15/2020 16:00,588.64,4/15/2020 16:00,2307.68,4/15/2020 16:00,208.17
4/16/2020 16:00,612.71,4/16/2020 16:00,2408.19,4/16/2020 16:00,212.66
4/17/2020 16:00,597.5,4/17/2020 16:00,2375,4/17/2020 16:00,209.5
4/20/2020 16:00,601.64,4/20/2020 16:00,2393.61,4/20/2020 16:00,212.13
4/21/2020 16:00,573.38,4/21/2020 16:00,2328.12,4/21/2020 16:00,207.34
4/22/2020 16:00,601.05,4/22/2020 16:00,2363.49,4/22/2020 16:00,209.96
4/23/2020 16:00,586.71,4/23/2020 16:00,2399.45,4/23/2020 16:00,205.24
4/24/2020 16:00,571.27,4/24/2020 16:00,2410.22,4/24/2020 16:00,204.36
4/27/2020 16:00,589.47,4/27/2020 16:00,2376,4/27/2020 16:00,203.69
4/28/2020 16:00,598.54,4/28/2020 16:00,2314.08,4/28/2020 16:00,201.15
4/29/2020 16:00,602.42,4/29/2020 16:00,2372.71,4/29/2020 16:00,206.7
4/30/2020 16:00,583.51,4/30/2020 16:00,2474,4/30/2020 16:00,202.67
5/1/2020 16:00,605.52,5/1/2020 16:00,2286.04,5/1/2020 16:00,194.48
5/4/2020 16:00,607.4,5/4/2020 16:00,2315.99,5/4/2020 16:00,191.15
5/5/2020 16:00,620.94,5/5/2020 16:00,2317.8,5/5/2020 16:00,195.02
5/6/2020 16:00,742.88,5/6/2020 16:00,2351.26,5/6/2020 16:00,195.17
5/7/2020 16:00,772.02,5/7/2020 16:00,2367.61,5/7/2020 16:00,196.49
5/8/2020 16:00,784.52,5/8/2020 16:00,2379.61,5/8/2020 16:00,201.19
5/11/2020 16:00,781.11,5/11/2020 16:00,2409,5/11/2020 16:00,205.4
5/12/2020 16:00,762.09,5/12/2020 16:00,2356.95,5/12/2020 16:00,200.31
5/13/2020 16:00,768.54,5/13/2020 16:00,2367.92,5/13/2020 16:00,199.46
5/14/2020 16:00,777.27,5/14/2020 16:00,2388.85,5/14/2020 16:00,201.3
5/15/2020 16:00,775.05,5/15/2020 16:00,2409.78,5/15/2020 16:00,203.68
5/18/2020 16:00,794.56,5/18/2020 16:00,2426.26,5/18/2020 16:00,215.28
5/19/2020 16:00,805.96,5/19/2020 16:00,2449.33,5/19/2020 16:00,217.2
5/20/2020 16:00,828.31,5/20/2020 16:00,2497.94,5/20/2020 16:00,216.79
5/21/2020 16:00,814.71,5/21/2020 16:00,2446.74,5/21/2020 16:00,212.16
5/22/2020 16:00,841.31,5/22/2020 16:00,2436.88,5/22/2020 16:00,199.7
5/26/2020 16:00,834.17,5/26/2020 16:00,2421.86,5/26/2020 16:00,201.72
5/27/2020 16:00,820.83,5/27/2020 16:00,2410.39,5/27/2020 16:00,201.18
5/28/2020 16:00,827.16,5/28/2020 16:00,2401.1,5/28/2020 16:00,199.49
5/29/2020 16:00,851.67,5/29/2020 16:00,2442.37,5/29/2020 16:00,207.39
6/1/2020 16:00,844.08,6/1/2020 16:00,2471.04,6/1/2020 16:00,206.57
6/2/2020 16:00,859.77,6/2/2020 16:00,2472.41,6/2/2020 16:00,214.33
6/3/2020 16:00,853.52,6/3/2020 16:00,2478.4,6/3/2020 16:00,218.61
6/4/2020 16:00,839.99,6/4/2020 16:00,2460.6,6/4/2020 16:00,218.04
6/5/2020 16:00,866.93,6/5/2020 16:00,2483,6/5/2020 16:00,219.55
6/8/2020 16:00,858.86,6/8/2020 16:00,2524.06,6/8/2020 16:00,219
6/9/2020 16:00,866.43,6/9/2020 16:00,2600.86,6/9/2020 16:00,220.72
6/10/2020 16:00,886.78,6/10/2020 16:00,2647.45,6/10/2020 16:00,223.68
6/11/2020 16:00,855,6/11/2020 16:00,2557.96,6/11/2020 16:00,215.24
6/12/2020 16:00,896.43,6/12/2020 16:00,2545.02,6/12/2020 16:00,217.64
6/15/2020 16:00,924,6/15/2020 16:00,2572.68,6/15/2020 16:00,217.03
6/16/2020 16:00,950.26,6/16/2020 16:00,2615.27,6/16/2020 16:00,222.62
6/17/2020 16:00,935.73,6/17/2020 16:00,2640.98,6/17/2020 16:00,224.25
6/18/2020 16:00,926.02,6/18/2020 16:00,2653.98,6/18/2020 16:00,223.54
6/19/2020 16:00,952.96,6/19/2020 16:00,2675.01,6/19/2020 16:00,220.64
6/22/2020 16:00,984.54,6/22/2020 16:00,2713.82,6/22/2020 16:00,221.41
6/23/2020 16:00,977.49,6/23/2020 16:00,2764.41,6/23/2020 16:00,228.75
6/24/2020 16:00,953.77,6/24/2020 16:00,2734.4,6/24/2020 16:00,226.22
6/25/2020 16:00,971.44,6/25/2020 16:00,2754.58,6/25/2020 16:00,222.16
6/26/2020 16:00,973.17,6/26/2020 16:00,2692.87,6/26/2020 16:00,215.71
6/29/2020 16:00,980.83,6/29/2020 16:00,2680.38,6/29/2020 16:00,215.02
6/30/2020 16:00,985.77,6/30/2020 16:00,2758.82,6/30/2020 16:00,215.7
7/1/2020 16:00,977.14,7/1/2020 16:00,2878.7,7/1/2020 16:00,215.95
7/2/2020 16:00,988.42,7/2/2020 16:00,2890.3,7/2/2020 16:00,223.6
7/6/2020 16:00,995.93,7/6/2020 16:00,3057.04,7/6/2020 16:00,240
7/7/2020 16:00,1007.24,7/7/2020 16:00,3000.12,7/7/2020 16:00,236.51
7/8/2020 16:00,1015,7/8/2020 16:00,3081.11,7/8/2020 16:00,257.68
7/9/2020 16:00,1018.41,7/9/2020 16:00,3182.63,7/9/2020 16:00,261.58
7/10/2020 16:00,1035.83,7/10/2020 16:00,3200,7/10/2020 16:00,261.01
7/13/2020 16:00,981.97,7/13/2020 16:00,3104,7/13/2020 16:00,251.67
7/14/2020 16:00,972.63,7/14/2020 16:00,3084,7/14/2020 16:00,248.58
7/15/2020 16:00,971.63,7/15/2020 16:00,3008.87,7/15/2020 16:00,249.21
7/16/2020 16:00,956.62,7/16/2020 16:00,2999.9,7/16/2020 16:00,242.5
7/17/2020 16:00,964.72,7/17/2020 16:00,2961.97,7/17/2020 16:00,247.14
7/20/2020 16:00,1024.81,7/20/2020 16:00,3196.84,7/20/2020 16:00,254.81
7/21/2020 16:00,1018.9,7/21/2020 16:00,3138.29,7/21/2020 16:00,257.9
7/22/2020 16:00,1019.39,7/22/2020 16:00,3099.91,7/22/2020 16:00,251.7
7/23/2020 16:00,982.3,7/23/2020 16:00,2986.55,7/23/2020 16:00,251.88
7/24/2020 16:00,988.99,7/24/2020 16:00,3008.91,7/24/2020 16:00,249
7/27/2020 16:00,1070.44,7/27/2020 16:00,3055.21,7/27/2020 16:00,250.86
7/28/2020 16:00,1039.56,7/28/2020 16:00,3000.33,7/28/2020 16:00,249.05
7/29/2020 16:00,1086.91,7/29/2020 16:00,3033.53,7/29/2020 16:00,252.45
7/30/2020 16:00,1107.5,7/30/2020 16:00,3051.88,7/30/2020 16:00,252.74
7/31/2020 16:00,1124.62,7/31/2020 16:00,3164.68,7/31/2020 16:00,251.02
8/3/2020 16:00,1172.62,8/3/2020 16:00,3111.89,8/3/2020 16:00,257.94
8/4/2020 16:00,1173.93,8/4/2020 16:00,3138.83,8/4/2020 16:00,262.2
8/5/2020 16:00,1225.45,8/5/2020 16:00,3205.03,8/5/2020 16:00,264.91
8/6/2020 16:00,1219.96,8/6/2020 16:00,3225,8/6/2020 16:00,265.68
8/7/2020 16:00,1193.97,8/7/2020 16:00,3167.46,8/7/2020 16:00,252.1
8/10/2020 16:00,1124.31,8/10/2020 16:00,3148.16,8/10/2020 16:00,248.13
8/11/2020 16:00,1100.01,8/11/2020 16:00,3080.67,8/11/2020 16:00,248.42
8/12/2020 16:00,1111.64,8/12/2020 16:00,3162.24,8/12/2020 16:00,255.19
8/13/2020 16:00,1157.05,8/13/2020 16:00,3161.02,8/13/2020 16:00,253.72
8/14/2020 16:00,1156.44,8/14/2020 16:00,3148.02,8/14/2020 16:00,253.97
8/17/2020 16:00,1189.87,8/17/2020 16:00,3182.41,8/17/2020 16:00,256.96
8/18/2020 16:00,1208.64,8/18/2020 16:00,3312.49,8/18/2020 16:00,259.2
8/19/2020 16:00,1212.45,8/19/2020 16:00,3260.48,8/19/2020 16:00,260.59
8/20/2020 16:00,1218.3,8/20/2020 16:00,3297.37,8/20/2020 16:00,257.97
8/21/2020 16:00,1202.28,8/21/2020 16:00,3284.72,8/21/2020 16:00,265.8
8/24/2020 16:00,1212.09,8/24/2020 16:00,3307.46,8/24/2020 16:00,276.02
8/25/2020 16:00,1224,8/25/2020 16:00,3346.49,8/25/2020 16:00,286
8/26/2020 16:00,1215.93,8/26/2020 16:00,3441.85,8/26/2020 16:00,291.96
8/27/2020 16:00,1201.4,8/27/2020 16:00,3400,8/27/2020 16:00,284.17
8/28/2020 16:00,1178.9,8/28/2020 16:00,3401.8,8/28/2020 16:00,289
